id,queue,age_from_ticket_submitted,age_from_ticket_started,days_before_service,fs_scheduler_id,requested_by,queue_status,status,sales_order_number,invoice,service_type,customer,property,location,state,sign_theme,sign_type,comments,start_time,notes,created_date,created_by,vendor_inv_number,vendor_cost,invoice_date,invoice_number,acc_status,platform,billable,request_date,installers,isVendor,total_techs,fullWorkOrderId,dateSubmitted,workOrderTicketId,createdDateWorkOrder,createdByWorkOrder,timeToComplete,full_request_date,endTime,co_number,customer_cancelled,cancellation_comments,cancelled_type,out_of_state,invoice_notes,title,backgroundColor,borderColor,color,property_phone_number,zip_code,compliance_license_notes,createdByUserName,turnover_fsid,group_id,full_address,published,eyeFiAsset,customerAsset,paper_work_location,zone_codes,contractor_codes,fs_calendar_id,active,notice_email_date,request_id,fs_lat,fs_lon
7744,,42,,-53,7744,"Erica Franklin",,Completed,SORT208805,2827.37,Removal,AGS,"Harrahs Northern California",Ione,CA,"Mariachi Party & Lucha Champions","360 sign","
Progressive Controller serial # TSCE91004452 
Digital Sign Controller serial # E24A6Z3801010206

Licensing Required for techs - contact before onsite

Field Service: Alicia Jimenez +1 916 639 7108 | Nicole Phares (NO PHONE #) nphares@playags.com

Field Service Supervisor: Richard Serna +1 916 205 6471 


-------

Serial #: E24A6Z3801010206
Customer Sign Part #: C39-00048, KIT 360 SIGN COMMON COMPONENTS OU49C MERCHANDISING
Sign Manufacture: Eyefi
Customer Product #: 
          ",08:00:00,"Progressive Controller serial # TSCE91004452 
Digital Sign Controller serial # E24A6Z3801010206
C39-00048, KIT 360 SIGN COMMON COMPONENTS OU49C MERCHANDISING","2026-02-03 15:21:40",125,NA,0,3/18/26,2026/I-00595,INVOICED,"4 Curve Carousel w/ 360 sign",Yes,2026-03-02,"Adrian Walker, Stanley Pacheco",0,2,7744-5355,"2026-03-13 09:25:57",5355,,,120,"2026-03-02 08:00:00","2026-03-02 10:00:00",,,,,Yes,,"AGS Harrahs Northern California (Removal)",#17B169,#17B169,#fff,,95640,,"Adriann Kamakahukilani",,,"Harrahs Northern California,4640 Coal Mine Road,Ione,CA,95640",1,133545,,Accounting,"Zone 9",,,1,,1107,38.277668,-120.911398
7757,,52,,-53,7757,"Chuck Stutz",,Completed,60255224,4039.22,Removal,IGT,"Apache Gold Casino","San Carlos",AZ,WOF,"2 x 2","
No Comments

-------

Serial #: 
Customer Sign Part #: WOFREEL-DBLFACE-SMALL-LCD
Sign Manufacture: Eye Fi
Customer Product #: 
          ",08:00:00,WOFREEL-DBLFACE-SMALL-LCD,"2026-02-17 13:20:36",125,NA,0,3/10/26,2026/I-00540,INVOICED,"Crystal Reel",Yes,2026-03-02,"Dylan Chun, Ulysses Herrera",0,2,7757-5354,"2026-03-03 13:12:26",5354,,,120,"2026-03-02 08:00:00","2026-03-02 10:00:00",,,,,Yes,,"IGT Apache Gold Casino (Removal)",#17B169,#17B169,#fff,,85550,"IGT to add the techs on their list of techs to be onsite. ","Adriann Kamakahukilani",,,"Apache Gold Casino,777 Geronimo Springs Boulevard,San Carlos,AZ,85550",1,119109,762486,Accounting,"Zone 6",,,1,,1116,33.358517,-110.668772
7718,,42,,-52,7718,"Erica Franklin",,Completed,SORT208705,2827.37,Removal,AGS,"Jackson Rancheria Casino",Jackson,CA,"Golden Blessings & Pirate Plunder","360 sign","
Requesting removal March 3rd at 6am for 360 sign

Tech(s) scheduled: Alicia Jimenez +1 916 639 7108, aliciajimenez@playags.com //
Nathan DeLeon +1 530 789 8092, ndeleon@playags.com //  Nicole Phares - newly training (NO PHONE #) nphares@playags.com

-------

Serial #: EF0119231000
Customer Sign Part #: C39-00048 KIT 360 SIGN COMMON COMPONENTS OU49C MERCHANDISING
Sign Manufacture: Eyefi
Customer Product #: 
          ",06:00:00," C39-00048 KIT 360 SIGN COMMON COMPONENTS OU49C MERCHANDISING","2026-01-09 14:56:46",125,NA,0,3/18/26,2026/I-00596,INVOICED,"4Pod Curve Prem",Yes,2026-03-03,"Adrian Walker, Stanley Pacheco",0,2,7718-5357,"2026-03-13 09:27:25",5357,,,120,"2026-03-03 06:00:00","2026-03-03 08:00:00",,,,,Yes,,"AGS Jackson Rancheria Casino (Removal)",#17B169,#17B169,#fff,,95642,,"Adriann Kamakahukilani",,,"Jackson Rancheria Casino,12222 New York Ranch Road,Jackson,CA,95642",1,135156,,Accounting,"Zone 9",,,1,,1090,38.386675,-120.73405
7758,,50,,-52,7758,"Hadji Cometa",,Completed,"SVO 8129378",1020.00,Relocation,IGT,"Eureka Las Vegas","Las Vegas",NV,"Money Gong ",2x2,"
No Comments

-------

Serial #: 
Customer Sign Part #: VWL-03367-200R
Sign Manufacture: FI
Customer Product #: 
          ",06:00:00,,"2026-02-18 14:54:00",125,NA,0,3/10/26,2026/I-,INVOICED,"Peak Slant",Yes,2026-03-03,"Dylan Chun, Ulysses Herrera",0,2,7758-5356,"2026-03-05 06:13:02",5356,,,120,"2026-03-03 06:00:00","2026-03-03 08:00:00",,,,,No,,"IGT Eureka Las Vegas (Relocation)",#17B169,#17B169,#fff,,89104,,"Adriann Kamakahukilani",,,"Eureka Las Vegas,595 East Sahara Avenue,Las Vegas,NV,89104",1,135533,Z2295,Accounting,Local-1,,,1,,1117,36.14351,-115.14694
7749,,49,,-51,7749,"Steve Varga",,Completed,"60257174 / 8125152",850.00,Removal,IGT,"Venetian Resort","Las Vegas",NV,"Fortune Link",4x2,"
No Comments

-------

Serial #: Z1033
Customer Sign Part #: PEAK49-DBLFACE-LED-EYEFI
Sign Manufacture: Fi
Customer Product #: 
          ",03:00:00,"PEAK49-DBLFACE-LED-EYEFI
Venetian Dock 8 3am-6am","2026-02-06 14:11:27",125,NA,0,3/10/26,2026/I-00542,INVOICED,"Peak Slants",Yes,2026-03-04,"Dylan Chun, Ulysses Herrera",0,2,7749-5359,"2026-03-06 12:43:33",5359,,,120,"2026-03-04 03:00:00","2026-03-04 05:00:00",,,,,Yes,,"IGT Venetian Resort (Removal)",#17B169,#17B169,#fff,,89109,,"Adriann Kamakahukilani",,,"Venetian Resort,3355 Las Vegas Boulevard South,Las Vegas,NV,89109",1,127656,Z1033,Accounting,Local-1,,,1,,1110,36.121157,-115.170226
7764,,49,,-50,7764,"Hadji Cometa",,Completed,"SVO 8127928",1500,Removal,IGT,"Casablanca Resort Casino Golf & Spa",Mesquite,NV,WOF,4x1,"
Reinstall:
3/6 - 8am
SVO 8127930

Also, on this date 3/6- customer wants to move 2x1 SIGN-LED PANEL, SF, 87 LONG, EYEFI  (SVO 8127931) and reinstall  on 3/9 (SVO 8127932) . Let me know if you need a separate request for this one. 


-------

Serial #: 
Customer Sign Part #: VWL-03513-410
Sign Manufacture: FI
Customer Product #: 
          ",09:00:00," VWL-03513-410","2026-02-19 14:47:55",125,NA,0,3/24/26,2026/I-00648,INVOICED,DRS,Yes,2026-03-05,"Stanley Pacheco, Ulysses Herrera",0,2,7764-5358,"2026-03-06 12:44:36",5358,,,120,"2026-03-05 09:00:00","2026-03-05 11:00:00",,,,,No,,"IGT Casablanca Resort Casino Golf & Spa (Removal)",#17B169,#17B169,#fff,,89027,,"Adriann Kamakahukilani",,,"Casablanca Resort Casino Golf & Spa,950 West Mesquite Boulevard,Mesquite,NV,89027",1,146052,Z7285,Accounting,Local-2,,,1,,1121,36.802582,-114.100935
7765,,,,-49,7765,"Hadji Cometa",,"Cancelled - NB","SVO 8127928",,Relocation,IGT,"Casablanca Resort Casino Golf & Spa",Mesquite,NV,WOF,4x1,"
Reinstall:
3/6 - 8am
SVO 8127930

Also, on this date 3/6- customer wants to move 2x1 SIGN-LED PANEL, SF, 87 LONG, EYEFI  (SVO 8127931) and reinstall  on 3/9 (SVO 8127932) . Let me know if you need a separate request for this one. 


-------

Serial #: 
Customer Sign Part #: VWL-03513-410
Sign Manufacture: FI
Customer Product #: 
          ",08:00," VWL-03513-410","2026-02-19 14:49:18",125,,,,,,DRS,Yes,2026-03-06,"No techs assigned",,,,,,,,120,"2026-03-06 08:00","2026-03-06 10:00:00",,,"Changed to a removal only. ",,No,,"IGT Casablanca Resort Casino Golf & Spa (Relocation)",#DA70D6,#DA70D6,#fff,,89027,,"Adriann Kamakahukilani",,,"Casablanca Resort Casino Golf & Spa,950 West Mesquite Boulevard,Mesquite,NV,89027",1,,,,Local-2,,,1,,1121,36.802582,-114.100935
7766,,,,-49,7766,"Hadji Cometa",,Completed,"SVO 8133296",1500.00,Relocation,IGT,"Casablanca Resort Casino Golf & Spa",Mesquite,NV,"87 LONG",2x1,"Also, on this date 3/6- customer wants to move 2x1 SIGN-LED PANEL, SF, 87 LONG, EYEFI  (SVO 8127931) and reinstall  on 3/9 (SVO 8127932) . Let me know if you need a separate request for this one. ",08:00,,"2026-02-19 14:53:00",125,NA,0,3/24/26,2026/I-00649,INVOICED,"2x1 Sign LED Panel ",Yes,2026-03-06,"Adrian Walker, Stanley Pacheco",0,2,7766-5360,,5360,,,120,"2026-03-06 08:00","2026-03-06 10:00:00",,,,,No,,"IGT Casablanca Resort Casino Golf & Spa (Relocation)",#17B169,#17B169,#fff,,89027,,"Adriann Kamakahukilani",,,"Casablanca Resort Casino Golf & Spa,950 West Mesquite Boulevard,Mesquite,NV,89027",1,124134,,Accounting,Local-2,,,1,,1121,36.802582,-114.100935
7767,,45,,-46,7767,"Hadji Cometa",,Completed,"SVO 8127931",850.00,Relocation,IGT,"Casablanca Resort Casino Golf & Spa",Mesquite,NV,"87 LONG",2x1,"
Reinstall:
3/6 - 8am
SVO 8127930

Also, on this date 3/6- customer wants to move 2x1 SIGN-LED PANEL, SF, 87 LONG, EYEFI  (SVO 8127931) and reinstall  on 3/9 (SVO 8127932) . Let me know if you need a separate request for this one. 


-------

Serial #: 
Customer Sign Part #: VWL-03513-410
Sign Manufacture: FI
Customer Product #: 
          ",08:00," VWL-03513-410","2026-02-19 14:53:33",125,NA,0,3/24/26,2026/I-00650,INVOICED,"2x1 Sign LED Panel",Yes,2026-03-09,"Adrian Walker, Proto tech 1 .",0,2,7767-5362,"2026-03-10 22:17:13",5362,,,120,"2026-03-09 08:00","2026-03-09 10:00:00",,,,,No,,"IGT Casablanca Resort Casino Golf & Spa (Relocation)",#17B169,#17B169,#fff,,89027,,"Adriann Kamakahukilani",,,"Casablanca Resort Casino Golf & Spa,950 West Mesquite Boulevard,Mesquite,NV,89027",1,124134,,Accounting,Local-2,,,1,,1121,36.802582,-114.100935
7770,,33,,-46,7770,"BRITTNEY KEMERLEY",,Completed,WO-00019607,9562.70,Removal,AGS,"Gate City Casino",Nashua,NH,NA,3X1,"
No Comments

-------

Serial #: 
Customer Sign Part #: C56-00070
Sign Manufacture: EYEFI
Customer Product #: 
          ",09:00:00,"C56-00070 3x1 Bank VWL-03439-310","2026-02-24 11:26:45",125,NA,0,3/26/26,2026/I-00673,INVOICED,CURVE,Yes,2026-03-09,"Ernesto Perez, Stanley Pacheco",0,2,7770-5361,"2026-03-22 05:26:00",5361,,,120,"2026-03-09 09:00:00","2026-03-09 11:00:00",,,,,Yes,,"AGS Gate City Casino (Removal)",#17B169,#17B169,#fff,,03062,,"Adriann Kamakahukilani",,,"Gate City Casino,55 Northeastern Boulevard,Nashua,NH,03062",1,142465,EF0423241002,Accounting,"Zone 1",,,1,,1106,42.734858,-71.482382
7776,,,,-45,7776,"Erica Franklin",,"Cancelled - NB","SO292006 / SO292014 / SO292016",,Install,AGS,"Resorts World Casino New York City",Jamaica,NY,"see below",3x2,"
Install assistance - New Property |  Resorts World Casino New York City
Address: 110-00 Rockaway Blvd, Jamaica, NY 11420 - google address kept changing above.
We are requesting assistance during week of March 9th through 13th to assistance AGS tech with large project

SO292006
   (1x) C39-00407 CORE 4X2 LINEAR SPECTRA NS49C-27 MODULAR
      Themes: Fiesta De Las C, Fiesta De Los V, Festival Frenzy, Dynasty Frenzy
   (3x) C39-00379 CORE 3X2 LINEAR SPECTRA NS49C-27 MODULAR
      Themes: Purrfect Trio, Fa Cai Trio, Festival Frenzy, Dynasty Frenzy
      Themes: San Shen Zhu, Soda Fountain, Mining Mayhem

SO292016
   (1x) C56-00170-R SIGN LINEAR 3X2 SPECTRA PREMIUM NS49C-27
      Themes: Jackpot, Fun Fun

AGS Techs: Mitchell Greer +1 718 784 6065, James Kutbach +1 267 355 8881, Michael Fears +1 508 810 8366, Jocelyn Story +1 754 260 4272, Chad Walters +1 413 342 6460

Supervisor: Robert Chak +1 724 562 4424 & Chris Legg +1 609 284 2150

-------

Serial #: 
Customer Sign Part #: see below
Sign Manufacture: Eyefi
Customer Product #: 
          ",08:00:00,"TAKE PPES JUST IN CASE
Install assistance - New Property |  Resorts World Casino New York City
Address: 110-00 Rockaway Blvd, Jamaica, NY 11420 - google address kept changing above.
We are requesting assistance during week of March 9th through 13th to assistance AGS tech with large project

SO292006
   (1x) C39-00407 CORE 4X2 LINEAR SPECTRA NS49C-27 MODULAR
      Themes: Fiesta De Las C, Fiesta De Los V, Festival Frenzy, Dynasty Frenzy
   (3x) C39-00379 CORE 3X2 LINEAR SPECTRA NS49C-27 MODULAR
      Themes: Purrfect Trio, Fa Cai Trio, Festival Frenzy, Dynasty Frenzy
      Themes: San Shen Zhu, Soda Fountain, Mining Mayhem

SO292016
   (1x) C56-00170-R SIGN LINEAR 3X2 SPECTRA PREMIUM NS49C-27
      Themes: Jackpot, Fun Fun
","2026-02-27 06:15:12",125,,,,,,"3x2 & 4x2 Linear",Yes,2026-03-10,"No techs assigned",,,,,,,,120,"2026-03-10 08:00:00","2026-03-10 10:00:00",,Eye-Fi,"Did not get licensing info in time. ",,Yes,,"AGS Resorts World Casino New York City (Install)",#DA70D6,#DA70D6,#fff,,11420,,"Adriann Kamakahukilani",,,"Resorts World Casino New York City,110 Old Rockaway Boulevard,Jamaica,NY,11420",1,,,,"Zone 1",,,1,,1125,40.657376,-73.772197
7773,,43,,-45,7773,"Chuck Stutz",,Completed,60257039,6534.97,Removal,IGT,"The Lodge","Black Hawk",CO,"WOF CL","3 x 1","
No Comments

-------

Serial #: Z6296
Customer Sign Part #: VWL-03513-310	
Sign Manufacture: Eye Fi
Customer Product #: 
          ",07:00," VWL-03513-310	","2026-02-25 12:23:14",125,NA,0,3/24/26,2026/I-00651,INVOICED,"DRS Premium Wheel",Yes,2026-03-10,"Dylan Chun, Ulysses Herrera",0,2,7773-5363,"2026-03-12 18:43:12",5363,,,120,"2026-03-10 07:00","2026-03-10 09:00:00",,,,,Yes,,"IGT The Lodge (Removal)",#17B169,#17B169,#fff,,80422,,"Adriann Kamakahukilani",,,"The Lodge,240 East Main Street,Black Hawk,CO,80422",1,143911,Z6296,Accounting,"Zone 5",,,1,,1124,28.708279,-100.504728
7787,,33,,-45,7787,"Hadji Cometa",,Completed,"SVO 8121792",400.00,Relocation,IGT,"Suncoast Hotel & Casino","Las Vegas",NV,MB,"Gambler Single Face","
No Comments

-------

Serial #: 
Customer Sign Part #: N/A
Sign Manufacture: N/A
Customer Product #: 
          ",10:00:00,,"2026-03-10 09:25:54",125,NA,0,3/25/26,2026/I-00667,INVOICED,S3000,Yes,2026-03-10,"Ernesto Perez, Stanley Pacheco",0,2,7787-5365,"2026-03-22 05:26:25",5365,,,120,"2026-03-10 10:00:00","2026-03-10 12:00:00",,,,,No,,"IGT Suncoast Hotel & Casino (Relocation)",#17B169,#17B169,#fff,,89145,,"Adriann Kamakahukilani",,,"Suncoast Hotel & Casino,9090 Alta Drive,Las Vegas,NV,89145",1,122604,Z312,Accounting,Local-1,,,1,,1132,36.168996,-115.290891
7777,,,,-44,7777,"Erica Franklin",,"Cancelled - NB","SO292006 / SO292014 / SO292016",,Install,AGS,"Resorts World Casino New York City",Jamaica,NY,"see below",3x2,"
Install assistance - New Property |  Resorts World Casino New York City
Address: 110-00 Rockaway Blvd, Jamaica, NY 11420 - google address kept changing above.
We are requesting assistance during week of March 9th through 13th to assistance AGS tech with large project

SO292006
   (1x) C39-00407 CORE 4X2 LINEAR SPECTRA NS49C-27 MODULAR
      Themes: Fiesta De Las C, Fiesta De Los V, Festival Frenzy, Dynasty Frenzy
   (3x) C39-00379 CORE 3X2 LINEAR SPECTRA NS49C-27 MODULAR
      Themes: Purrfect Trio, Fa Cai Trio, Festival Frenzy, Dynasty Frenzy
      Themes: San Shen Zhu, Soda Fountain, Mining Mayhem

SO292016
   (1x) C56-00170-R SIGN LINEAR 3X2 SPECTRA PREMIUM NS49C-27
      Themes: Jackpot, Fun Fun

AGS Techs: Mitchell Greer +1 718 784 6065, James Kutbach +1 267 355 8881, Michael Fears +1 508 810 8366, Jocelyn Story +1 754 260 4272, Chad Walters +1 413 342 6460

Supervisor: Robert Chak +1 724 562 4424 & Chris Legg +1 609 284 2150

-------

Serial #: 
Customer Sign Part #: see below
Sign Manufacture: Eyefi
Customer Product #: 
          ",08:00:00,"TAKE PPES JUST IN CASE
Install assistance - New Property |  Resorts World Casino New York City
Address: 110-00 Rockaway Blvd, Jamaica, NY 11420 - google address kept changing above.
We are requesting assistance during week of March 9th through 13th to assistance AGS tech with large project

SO292006
   (1x) C39-00407 CORE 4X2 LINEAR SPECTRA NS49C-27 MODULAR
      Themes: Fiesta De Las C, Fiesta De Los V, Festival Frenzy, Dynasty Frenzy
   (3x) C39-00379 CORE 3X2 LINEAR SPECTRA NS49C-27 MODULAR
      Themes: Purrfect Trio, Fa Cai Trio, Festival Frenzy, Dynasty Frenzy
      Themes: San Shen Zhu, Soda Fountain, Mining Mayhem

SO292016
   (1x) C56-00170-R SIGN LINEAR 3X2 SPECTRA PREMIUM NS49C-27
      Themes: Jackpot, Fun Fun
","2026-02-27 06:16:23",125,,,,,,"3x2 & 4x2 Linear",Yes,2026-03-11,"No techs assigned",,,,,,,,120,"2026-03-11 08:00:00","2026-03-11 10:00:00",,,"Did not get licensing info in time. ",,Yes,,"AGS Resorts World Casino New York City (Install)",#DA70D6,#DA70D6,#fff,,11420,,"Adriann Kamakahukilani",,,"Resorts World Casino New York City,110 Old Rockaway Boulevard,Jamaica,NY,11420",1,,,,"Zone 1",,,1,,1125,40.657376,-73.772197
7780,,43,,-44,7780,"Brittney Kemerley",,Completed,SORT208944,4535.43,Removal,AGS,"Muckleshoot Casino",Auburn,WA,NA,360,"
No Comments

-------

Serial #: 
Customer Sign Part #: C39-00048
Sign Manufacture: EYEFI
Customer Product #: C39-00048
          ",08:00:00,"Customer Sign Part #: C39-00048","2026-02-27 09:20:34",125,NA,0,3/26/26,2026/I-00674,INVOICED,CURVE,Yes,2026-03-11,"Dylan Chun, Ulysses Herrera",0,2,7780-5364,"2026-03-12 18:44:48",5364,,,120,"2026-03-11 08:00:00","2026-03-11 10:00:00",,,,,Yes,,"AGS Muckleshoot Casino (Removal)",#17B169,#17B169,#fff,,98002,,"Adriann Kamakahukilani",,,"Muckleshoot Casino,2402 Auburn Way South,Auburn,WA,98002",1,131903,EF0825211040,Accounting,"Zone 8",,,1,,1126,47.290673,-122.194894
7778,,,,-43,7778,"Erica Franklin",,"Cancelled - NB","SO292006 / SO292014 / SO292016",,Install,AGS,"Resorts World Casino New York City",Jamaica,NY,"see below",3x2,"
Install assistance - New Property |  Resorts World Casino New York City
Address: 110-00 Rockaway Blvd, Jamaica, NY 11420 - google address kept changing above.
We are requesting assistance during week of March 9th through 13th to assistance AGS tech with large project

SO292006
   (1x) C39-00407 CORE 4X2 LINEAR SPECTRA NS49C-27 MODULAR
      Themes: Fiesta De Las C, Fiesta De Los V, Festival Frenzy, Dynasty Frenzy
   (3x) C39-00379 CORE 3X2 LINEAR SPECTRA NS49C-27 MODULAR
      Themes: Purrfect Trio, Fa Cai Trio, Festival Frenzy, Dynasty Frenzy
      Themes: San Shen Zhu, Soda Fountain, Mining Mayhem

SO292016
   (1x) C56-00170-R SIGN LINEAR 3X2 SPECTRA PREMIUM NS49C-27
      Themes: Jackpot, Fun Fun

AGS Techs: Mitchell Greer +1 718 784 6065, James Kutbach +1 267 355 8881, Michael Fears +1 508 810 8366, Jocelyn Story +1 754 260 4272, Chad Walters +1 413 342 6460

Supervisor: Robert Chak +1 724 562 4424 & Chris Legg +1 609 284 2150

-------

Serial #: 
Customer Sign Part #: see below
Sign Manufacture: Eyefi
Customer Product #: 
          ",08:00:00,"TAKE PPES JUST IN CASE
Install assistance - New Property |  Resorts World Casino New York City
Address: 110-00 Rockaway Blvd, Jamaica, NY 11420 - google address kept changing above.
We are requesting assistance during week of March 9th through 13th to assistance AGS tech with large project

SO292006
   (1x) C39-00407 CORE 4X2 LINEAR SPECTRA NS49C-27 MODULAR
      Themes: Fiesta De Las C, Fiesta De Los V, Festival Frenzy, Dynasty Frenzy
   (3x) C39-00379 CORE 3X2 LINEAR SPECTRA NS49C-27 MODULAR
      Themes: Purrfect Trio, Fa Cai Trio, Festival Frenzy, Dynasty Frenzy
      Themes: San Shen Zhu, Soda Fountain, Mining Mayhem

SO292016
   (1x) C56-00170-R SIGN LINEAR 3X2 SPECTRA PREMIUM NS49C-27
      Themes: Jackpot, Fun Fun
","2026-02-27 06:16:44",125,,,,,,"3x2 & 4x2 Linear",Yes,2026-03-12,"No techs assigned",,,,,,,,120,"2026-03-12 08:00:00","2026-03-12 10:00:00",,,"Did not get licensing info in time. ",,Yes,,"AGS Resorts World Casino New York City (Install)",#DA70D6,#DA70D6,#fff,,11420,,"Adriann Kamakahukilani",,,"Resorts World Casino New York City,110 Old Rockaway Boulevard,Jamaica,NY,11420",1,,,,"Zone 1",,,1,,1125,40.657376,-73.772197
7779,,,,-42,7779,"Erica Franklin",,"Cancelled - NB","SO292006 / SO292014 / SO292016",,Install,AGS,"Resorts World Casino New York City",Jamaica,NY,"see below",3x2,"
Install assistance - New Property |  Resorts World Casino New York City
Address: 110-00 Rockaway Blvd, Jamaica, NY 11420 - google address kept changing above.
We are requesting assistance during week of March 9th through 13th to assistance AGS tech with large project

SO292006
   (1x) C39-00407 CORE 4X2 LINEAR SPECTRA NS49C-27 MODULAR
      Themes: Fiesta De Las C, Fiesta De Los V, Festival Frenzy, Dynasty Frenzy
   (3x) C39-00379 CORE 3X2 LINEAR SPECTRA NS49C-27 MODULAR
      Themes: Purrfect Trio, Fa Cai Trio, Festival Frenzy, Dynasty Frenzy
      Themes: San Shen Zhu, Soda Fountain, Mining Mayhem

SO292016
   (1x) C56-00170-R SIGN LINEAR 3X2 SPECTRA PREMIUM NS49C-27
      Themes: Jackpot, Fun Fun

AGS Techs: Mitchell Greer +1 718 784 6065, James Kutbach +1 267 355 8881, Michael Fears +1 508 810 8366, Jocelyn Story +1 754 260 4272, Chad Walters +1 413 342 6460

Supervisor: Robert Chak +1 724 562 4424 & Chris Legg +1 609 284 2150

-------

Serial #: 
Customer Sign Part #: see below
Sign Manufacture: Eyefi
Customer Product #: 
          ",08:00:00,"TAKE PPES JUST IN CASE
Install assistance - New Property |  Resorts World Casino New York City
Address: 110-00 Rockaway Blvd, Jamaica, NY 11420 - google address kept changing above.
We are requesting assistance during week of March 9th through 13th to assistance AGS tech with large project

SO292006
   (1x) C39-00407 CORE 4X2 LINEAR SPECTRA NS49C-27 MODULAR
      Themes: Fiesta De Las C, Fiesta De Los V, Festival Frenzy, Dynasty Frenzy
   (3x) C39-00379 CORE 3X2 LINEAR SPECTRA NS49C-27 MODULAR
      Themes: Purrfect Trio, Fa Cai Trio, Festival Frenzy, Dynasty Frenzy
      Themes: San Shen Zhu, Soda Fountain, Mining Mayhem

SO292016
   (1x) C56-00170-R SIGN LINEAR 3X2 SPECTRA PREMIUM NS49C-27
      Themes: Jackpot, Fun Fun
","2026-02-27 06:16:52",125,,,,,,"3x2 & 4x2 Linear",Yes,2026-03-13,"No techs assigned",,,,,,,,120,"2026-03-13 08:00:00","2026-03-13 10:00:00",,,"Did not get licensing info in time. ",,Yes,,"AGS Resorts World Casino New York City (Install)",#DA70D6,#DA70D6,#fff,,11420,,"Adriann Kamakahukilani",,,"Resorts World Casino New York City,110 Old Rockaway Boulevard,Jamaica,NY,11420",1,,,,"Zone 1",,,1,,1125,40.657376,-73.772197
7788,,,,-42,7788,"Nani Olivares",,Completed,PO095436,425.00,Install,ATI,"Jokers Wild Casino","Las Vegas",NV,,,,06:00,"Aldo to assist","2026-03-10 13:21:55",125,NA,0,3/24/26,,INVOICED,"6 POD Baron",Yes,2026-03-13,"Adrian Walker, Proto tech 1 .",0,2,7788-5366,,5366,,,120,"2026-03-13 06:00","2026-03-13 08:00:00",,,,,No,,"ATI Jokers Wild Casino (Install)",#17B169,#17B169,#fff,,89011,,"Adriann Kamakahukilani",,,"Jokers Wild Casino,920 N Boulder Highway,Las Vegas,NV,89011",1,,,Accounting,Local-1,,,1,,,,
7782,,38,,-39,7782,"Steve Varga",,Completed,8133494,850.00,Relocation,IGT,"Park MGM","Las Vegas",NV,"WOF Cash Link & Prosperity Link","4x1 & 2x1","
No Comments

-------

Serial #: 
Customer Sign Part #: SGN-DRS WHEEL-4X1 WOF BANK,FI,    SIGN-SF LED MDL, 2X1,SRLZD,PK49,EYEFI
Sign Manufacture: Fi
Customer Product #: 
          ",04:00:00,"SGN-DRS WHEEL-4X1 WOF BANK,FI,    SIGN-SF LED MDL, 2X1,SRLZD,PK49,EYEFI","2026-03-04 14:54:49",125,NA,0,3/25/26,2026/I-00668,INVOICED,"4 Diamond-RS, 2 Slant-49",Yes,2026-03-16,"Ernesto Perez, Ulysses Herrera",0,2,7782-5367,"2026-03-17 09:04:51",5367,,,120,"2026-03-16 04:00:00","2026-03-16 06:00:00",,,,,No,,"IGT Park MGM (Relocation)",#17B169,#17B169,#fff,,89109,,"Adriann Kamakahukilani",,,"Park MGM,3770 Las Vegas Boulevard South,Las Vegas,NV,89109",1,"127653,129849,146247",",Z1872,Z7552",Accounting,Local-1,,,1,,1128,36.104697,-115.17481
7793,,,,-39,7793,"Nani Olivares",,Completed,PO095436,425.00,Install,ATI,"Jokers Wild Casino","Las Vegas",NV,,,,06:00,"Aldo will assist.","2026-03-13 12:20:53",494,NA,0,3/24/26,2026/I-00652,INVOICED,"6 POD Baron ",No,2026-03-16,"Adrian Walker, Proto tech 1 .",0,2,7793-5368,,5368,,,120,"2026-03-16 06:00","2026-03-16 08:00:00",,,,,No,,"ATI Jokers Wild Casino (Install)",#17B169,#17B169,#fff,,89011,,"Juvenal Torres",,,"Jokers Wild Casino,920 N Boulder Highway,Las Vegas,NV,89011",1,148381,,Accounting,Local-1,,,1,,,,
7791,,38,,-38,7791,"Steve Varga",,"Cancelled - NB",TBD,,Removal,IGT,"Jokers Wild (Cadence)",Henderson,NV,Megabucks,"single Gambler","
No Comments

-------

Serial #: Z7941
Customer Sign Part #: SGN-SF LOWER MTR GLOBAL GAMBLER V2,FI
Sign Manufacture: Fi
Customer Product #: VWL-03531-101
          ",06:00:00,"Removal of Gambler VWL-03531-101","2026-03-11 14:15:18",125,,,,,,S3000,Yes,2026-03-17,"No techs assigned",,,7791-5370,"2026-03-17 09:04:05",5370,,,120,"2026-03-17 06:00:00","2026-03-17 08:00:00",,,"Customer cancelled",,,,"IGT Jokers Wild (Cadence) (Removal)",#DA70D6,#DA70D6,#fff,,89011,,"Adriann Kamakahukilani",,,"Jokers Wild (Cadence),920 North Boulder Highway,Henderson,NV,89011",1,,,,Local-1,,,1,,1134,36.051991,-114.994634
7792,,38,,-38,7792,"Steve Varga",,"Cancelled - NB",TBD,,Install,IGT,"Jokers Wild (Cadence)",Henderson,NV,Megabucks,"single Gambler","
No Comments

-------

Serial #: Z7941
Customer Sign Part #: SGN-SF LOWER MTR GLOBAL GAMBLER V2,FI
Sign Manufacture: Fi
Customer Product #: VWL-03531-101
          ",06:00:00,"Install of Gambler VWL-03531-201","2026-03-11 14:16:47",125,,,,,,S3000,Yes,2026-03-17,"No techs assigned",,,7792-5371,"2026-03-17 09:04:35",5371,,,120,"2026-03-17 06:00:00","2026-03-17 08:00:00",,,"Customer cancelled",,,,"IGT Jokers Wild (Cadence) (Install)",#DA70D6,#DA70D6,#fff,,89011,,"Adriann Kamakahukilani",,,"Jokers Wild (Cadence),920 North Boulder Highway,Henderson,NV,89011",1,,,,Local-1,,,1,,1134,36.051991,-114.994634
7784,,34,,-38,7784,"Kris Sanchez-Leavitt",,Completed,1532322,6264.04,Install,IGT,"Ilani Casino Resort",Ridgefield,WA,"Pros Link","3 x 2","
No Comments

-------

Serial #: Z6539
Customer Sign Part #: VWL-03367-300R
Sign Manufacture: EyeFi
Customer Product #: 
          ",08:00:00,"Serial #: Z6539
Customer Sign Part #: VWL-03367-300R","2026-03-06 08:45:26",125,NA,0,3/25/26,2026/I-00669,INVOICED,"PS49 - MLP LED",Yes,2026-03-17,"Dylan Chun, Stanley Pacheco",0,2,7784-5369,"2026-03-21 12:50:24",5369,,,120,"2026-03-17 08:00:00","2026-03-17 10:00:00",,,,,Yes,,"IGT Ilani Casino Resort (Install)",#17B169,#17B169,#fff,,98642,,"Adriann Kamakahukilani",,,"Ilani Casino Resort,1 Cowlitz Way,Ridgefield,WA,98642",1,145166,Z6539,Accounting,"Zone 8",,,1,,1130,45.850408,-122.70961
7772,,,,-37,7772,"Hadji Cometa",,Completed,1521793,2000.00,Install,IGT,"Casablanca Resort Casino Golf & Spa",Mesquite,NV,WOF,3x1,"
No Comments

-------

Serial #: 
Customer Sign Part #: VWL-03505-310
Sign Manufacture: FI
Customer Product #: 
          ",05:00,"VWL-03505-310-Sign being brought to site by IGT","2026-02-25 07:19:59",125,NA,0,3/30/26,2026/I-00686,INVOICED,"WOF Trio",Yes,2026-03-18,"Adrian Walker, Proto tech 1 ., Ulysses Herrera",0,3,7772-5372,,5372,,,120,"2026-03-18 05:00","2026-03-18 07:00:00",,,,,No,,"IGT Casablanca Resort Casino Golf & Spa (Install)",#17B169,#17B169,#fff,,89027,,"Adriann Kamakahukilani",,,"Casablanca Resort Casino Golf & Spa,950 West Mesquite Boulevard,Mesquite,NV,89027",1,146351,Z7593,Accounting,Local-2,,,1,,1078,36.802582,-114.100935
7786,,,,-37,7786,"Hadji Cometa",,Completed,"SVO 8127931",300.00,Relocation,IGT,"Casablanca Resort Casino Golf & Spa",Mesquite,NV,"87 LONG",2x1,"
Reinstall:
3/6 - 8am
SVO 8127930

Also, on this date 3/6- customer wants to move 2x1 SIGN-LED PANEL, SF, 87 LONG, EYEFI  (SVO 8127931) and reinstall  on 3/9 (SVO 8127932) . Let me know if you need a separate request for this one. 


-------

Serial #: 
Customer Sign Part #: VWL-03513-410
Sign Manufacture: FI
Customer Product #: 
          ",05:00," VWL-03513-410","2026-03-09 12:04:16",125,NA,0,3/30/26,2026/I-00685,INVOICED,"2x1 Sign LED Panel",Yes,2026-03-18,"Adrian Walker, Proto tech 1 ., Ulysses Herrera",0,3,7786-5373,,5373,,,120,"2026-03-18 05:00","2026-03-18 07:00:00",,,,,No,,"IGT Casablanca Resort Casino Golf & Spa (Relocation)",#17B169,#17B169,#fff,,89027,,"Adriann Kamakahukilani",,,"Casablanca Resort Casino Golf & Spa,950 West Mesquite Boulevard,Mesquite,NV,89027",1,124134,,Accounting,Local-2,,,1,,1121,36.802582,-114.100935
7800,,,,-36,7800,"Lindsay Rogers",,"Cancelled - NB",SORT209117,,Removal,AGS,"New York New York Hotel & Casino","Las Vegas",NV,"360 Sign w 4POD","360 Sign 4POD","
No Comments

-------

Serial #: EF032122105
Customer Sign Part #: C39-00048
Sign Manufacture: AGS-EYEFI
Customer Product #: C39-00048
          ",05:00,"Serial #: EF032122105
Customer Sign Part #: C39-00048
Sign Manufacture: AGS-EYEFI
Customer Product #: C39-00048","2026-03-18 12:01:00",125,,,,,,"Orion Curve Premium",Yes,2026-03-19,"No techs assigned",,,,,,,,120,"2026-03-19 05:00","2026-03-19 07:00:00",,,"customer Cancelled",,No,,"AGS New York New York Hotel & Casino (Removal)",#DA70D6,#DA70D6,#fff,,89109,,"Adriann Kamakahukilani",,,"New York New York Hotel & Casino,3790 Las Vegas Boulevard South,Las Vegas,NV,89109",1,,,,Local-1,,,1,,1143,36.101566,-115.174691
7803,,36,,-36,7803,"Robyn Noble",,Completed,303482537,250.00,Repair,IGT,"South Point","Las Vegas",NV,"WOF Dbl Gold GS DLX","Crystal Reel",,08:30,,"2026-03-19 07:55:57",125,NA,0,3/26/26,2026/I-00675,INVOICED,"WOF DBL Gold GS DLX",Yes,2026-03-19,"Adrian Walker",0,1,7803-5374,"2026-03-19 21:59:46",5374,,,120,"2026-03-19 08:30","2026-03-19 10:30:00",,,,,No,,"IGT South Point (Repair)",#17B169,#17B169,#fff,,89183,,"Adriann Kamakahukilani",,,"South Point,9777 Las Vegas Blvd South,Las Vegas,NV,89183",1,125622,Z896,Accounting,Local-1,,,1,,,,
7783,,30,,-35,7783,"Steve Varga",,Completed,"60257882 / 8132586",1500.00,Removal,IGT,"Pahrump Nugget",Pahrump,NV,"WOF Big Money",3x1,"
No Comments

-------

Serial #: Z7601
Customer Sign Part #: SGN-WOF TRIO-3X1-AGINST WALL, FI
Sign Manufacture: Fi
Customer Product #: VWL-03505-310
          ",07:00:00,"(3) SGN-WOF TRIO-3X1-AGINST WALL, FI","2026-03-05 07:11:30",125,NA,0,3/27/26,2026/I-00684,INVOICED,"WOF Trio",Yes,2026-03-20,"Adrian Walker, Ernesto Perez",0,2,7783-5375,"2026-03-25 15:07:33",5375,,,120,"2026-03-20 07:00:00","2026-03-20 09:00:00",,,,,No,,"IGT Pahrump Nugget (Removal)",#17B169,#17B169,#fff,,89048,,"Adriann Kamakahukilani",,,"Pahrump Nugget,South Nevada Highway 160,Pahrump,NV,89048",1,Z7601,146384,Accounting,Local-2,,,1,,1129,36.164778,-115.905198
7760,,14,,-33,7760,"Hadji Cometa",,Completed,"SVO 8125471",425.00,Relocation,IGT,"Green Valley Ranch","Las Vegas",NV,WOF,"3POD ","
Reinstallation date: 
3/23 at 7am
SVO 8125472

-------

Serial #: 
Customer Sign Part #: VWL-03513-300
Sign Manufacture: FI
Customer Product #: 
          ",06:00:00,,"2026-02-19 09:28:39",125,NA,0,4/21/26,2026/I-00858,INVOICED,DRS,Yes,2026-03-22,"Ernesto Perez, Stanley Pacheco",0,2,7760-5377,"2026-04-10 15:05:52",5377,,,120,"2026-03-22 06:00:00","2026-03-22 08:00:00",,,,,No,,"IGT Green Valley Ranch (Relocation)",#17B169,#17B169,#fff,,89052,,"Adriann Kamakahukilani",,,"Green Valley Ranch,2300 Paseo Verde Pkqy,Las Vegas,NV,89052",1,146519,Z7685,,Local-1,,,1,,1113,36.02055,-115.08999
7794,,,,-32,7794,"Alex Merritt ",,Confirmed,PO098969,,Removal,ATI,"Green Valley Ranch ",Henderson,NV,"Multiple ",N/A,"
Looking for install and removals of multiple signs across the week of 3/23 -3/27. Times, quantities, and sign types are listed. Please let me know which dates you can do or if you are able to do all of them. 

Date: 3/23 6 am 
Sign Quantity: 3
Work Type: Remove Signs 
Sign Types: Flex 4 GDF, Flex 6GDF, 8 Football Sign 
 
Date: 3/24 at 6 am 
Sign Quantity: 3
Work Type: Remove 2, Reinstall 1 
Sign Types: Flex 4 GDF, 1 Flex 6GDF, 1 6 POD Beacon
 
Date 3/25 at 6 am 
Sign Quantity: 2
Work Type: Remove 1, Reinstall 1 
Sign Types: 1 Baron Sign, 1 6 POD beacon
 
Date 3/26 at 6 am 
Sign Quantity: 3
Work Type: Remove 3 
Sign Types: Cyclone Flex Sign, Flex 6 GDF Sign, 1 Baron Sign 
 
Date: 3/27 at 7 am
Sign Quantity: 2
Work Type: Reinstall 2 
Sign Types: Cyclone Flex Sign, 1 Baron Sign 


-------

Serial #: 
Customer Sign Part #: Multiple 
Sign Manufacture: Multiple 
Customer Product #: 
          ",06:00:00,"Removal of 3ea Signs ","2026-03-16 13:38:47",494,,,,,,"Flex 4 GDF, Flex 6 GDF, 8 Football Sign (3 signs total)",Yes,2026-03-23,"Adrian Walker, Proto tech 1 .",0,2,7794-5378,,5378,,,120,"2026-03-23 06:00:00","2026-03-23 08:00:00",,,,,No,,"ATI Green Valley Ranch  (Removal)",#e69500,#e69500,#fff,,89074,,"Juvenal Torres",,,"Green Valley Ranch,2300 Paseo Verde Parkway,Henderson,NV,89074",1,"134123,144487",,,Local-1,,,1,,1136,36.020397,-115.089587
7761,,14,,-32,7761,"Hadji Cometa",,Completed,"SVO 8125471",425.00,Relocation,IGT,"Green Valley Ranch","Las Vegas",NV,WOF,"3POD ","
Reinstallation date: 
3/23 at 7am
SVO 8125472

-------

Serial #: 
Customer Sign Part #: VWL-03513-300
Sign Manufacture: FI
Customer Product #: 
          ",07:00,,"2026-02-19 09:30:53",125,NA,0,4/21/26,2026/I-00858,INVOICED,DRS,Yes,2026-03-23,"Ernesto Perez, Stanley Pacheco",0,2,7761-5379,"2026-04-10 15:22:48",5379,,,120,"2026-03-23 07:00","2026-03-23 09:00:00",,,,,No,,"IGT Green Valley Ranch (Relocation)",#17B169,#17B169,#fff,,89052,,"Adriann Kamakahukilani",,,"Green Valley Ranch,2300 Paseo Verde Pkqy,Las Vegas,NV,89052",1,146519,Z7685,,Local-1,,,1,,1113,36.02055,-115.08999
7768,,28,,-32,7768,"Erica Franklin",,Completed,SORT208723,3886.90,Removal,AGS,"Hard Rock Hotel and Casino Sacramento at Fire Mtn.",Wheatland,CA,360,"4Pod w/ 360 sign","
AGS Techs: Nathan DeLeon, Alicia Jimenez, Nichole Phares
Supervisor: Richard Serna +1 916 205 6471

Digital Sign Controller # TSCD21025365 (installed w/ archived SO259588 in 2023)

-------

Serial #: 
Customer Sign Part #: C39-00048 KIT 360 SIGN COMMON COMPONENTS OU49C MERCHANDISING
Sign Manufacture: Eyefi
Customer Product #: 
          ",08:00:00,"C39-00048 KIT 360 SIGN COMMON COMPONENTS OU49C MERCHANDISING","2026-02-19 15:22:10",125,NA,0,4/22/26,2026/I-00867,INVOICED,"4Pod Curve Prem",Yes,2026-03-23,"Dylan Chun, Ulysses Herrera",0,2,7768-5376,"2026-03-27 13:10:08",5376,,,120,"2026-03-23 08:00:00","2026-03-23 10:00:00",,,,,Yes,,"AGS Hard Rock Hotel and Casino Sacramento at Fire Mtn. (Removal)",#17B169,#17B169,#fff,,95692,,"Adriann Kamakahukilani",,,"Hard Rock Hotel and Casino Sacramento at Fire Mtn.,3317 Forty Mile Road,Wheatland,CA,95692",1,133459,EF0303221007,,"Zone 9",,,1,,1122,39.050611,-121.512545
7795,,29,,-31,7795,"Alex Merritt ",,Confirmed,PO098969,,Removal,ATI,"Green Valley Ranch ",Henderson,NV,"Multiple ",N/A,"
Looking for install and removals of multiple signs across the week of 3/23 -3/27. Times, quantities, and sign types are listed. Please let me know which dates you can do or if you are able to do all of them. 

Date: 3/23 6 am 
Sign Quantity: 3
Work Type: Remove Signs 
Sign Types: Flex 4 GDF, Flex 6GDF, 8 Football Sign 
 
Date: 3/24 at 6 am 
Sign Quantity: 3
Work Type: Remove 2, Reinstall 1 
Sign Types: Flex 4 GDF, 1 Flex 6GDF, 1 6 POD Beacon
 
Date 3/25 at 6 am 
Sign Quantity: 2
Work Type: Remove 1, Reinstall 1 
Sign Types: 1 Baron Sign, 1 6 POD beacon
 
Date 3/26 at 6 am 
Sign Quantity: 3
Work Type: Remove 3 
Sign Types: Cyclone Flex Sign, Flex 6 GDF Sign, 1 Baron Sign 
 
Date: 3/27 at 7 am
Sign Quantity: 2
Work Type: Reinstall 2 
Sign Types: Cyclone Flex Sign, 1 Baron Sign 


-------

Serial #: 
Customer Sign Part #: Multiple 
Sign Manufacture: Multiple 
Customer Product #: 
          ",06:00:00,"Date: 3/24 at 6 am 
Sign Quantity: 3
Work Type: Remove 2, Reinstall 1 
Sign Types: Flex 4 GDF, 1 Flex 6GDF, 1 6 POD Beacon","2026-03-16 13:38:47",494,,,,,,"Flex 4 GDF, 1 Flex 6 GDF, 1 6 POD Beacon (3 Signs Total)",Yes,2026-03-24,"Proto tech 1 ., Stanley Pacheco",0,2,7795-5383,"2026-03-26 07:39:58",5383,,,120,"2026-03-24 06:00:00","2026-03-24 08:00:00",,,,,No,,"ATI Green Valley Ranch  (Removal)",#e69500,#e69500,#fff,,89074,,"Juvenal Torres",,,"Green Valley Ranch,2300 Paseo Verde Parkway,Henderson,NV,89074",1,"130477,134123",",SGN14983",,Local-1,,,1,,1136,36.020397,-115.089587
7789,,28,,-31,7789,"Lindsay Rogers",,Completed,WO-00026444,2142.71,Relocation,AGS,Ilani,Ridgefield,WA,"360 Sign with Pinata Pays / Mariachi Party",4POD,"
Sign Movement request for 360 Sign 4POD Premium. 
Remove & Store on 3/24/2026 from 12AM-3AM
Reinstall 3/24/2026 at 7PM

-------

Serial #: 
Customer Sign Part #: C39-00048
Sign Manufacture: EYEFI
Customer Product #: C39-00048
          ",00:00:00,"Sign Movement request for 360 Sign 4POD Premium. 
Remove & Store on 3/24/2026 from 12AM-3AM
Reinstall 3/24/2026 at 7PM","2026-03-11 06:58:18",125,NA,0,4/22/26,2026/I-00868,INVOICED,"360 Sign Premium 4POD",Yes,2026-03-24,"Dylan Chun, Ulysses Herrera",0,2,7789-5381,"2026-03-27 13:10:32",5381,,,120,"2026-03-24 00:00:00","2026-03-24 02:00:00",,,,,Yes,,"AGS Ilani (Relocation)",#17B169,#17B169,#fff,,98642,,"Adriann Kamakahukilani",,,"Ilani,1 Cowlitz Way,Ridgefield,WA,98642",1,134134,EF0719221002,,"Zone 8",,,1,,1133,45.853317,-122.70749
7790,,28,,-31,7790,"Lindsay Rogers",,Completed,WO-00026444,2142.71,Relocation,AGS,Ilani,Ridgefield,WA,"360 Sign with Pinata Pays / Mariachi Party",4POD,"
Sign Movement request for 360 Sign 4POD Premium. 
Remove & Store on 3/24/2026 from 12AM-3AM
Reinstall 3/24/2026 at 7PM

-------

Serial #: 
Customer Sign Part #: C39-00048
Sign Manufacture: EYEFI
Customer Product #: C39-00048
          ",19:00,"Sign Movement request for 360 Sign 4POD Premium. 
Remove & Store on 3/24/2026 from 12AM-3AM
Reinstall 3/24/2026 at 7PM","2026-03-11 06:59:54",125,NA,0,4/22/26,2026/I-00868,INVOICED,"360 Sign Premium 4POD",Yes,2026-03-24,"Dylan Chun, Ulysses Herrera",0,2,7790-5384,"2026-03-27 13:10:57",5384,,,120,"2026-03-24 19:00","2026-03-24 21:00:00",,,,,Yes,,"AGS Ilani (Relocation)",#17B169,#17B169,#fff,,98642,,"Adriann Kamakahukilani",,,"Ilani,1 Cowlitz Way,Ridgefield,WA,98642",1,134134,EF0719221002,,"Zone 8",,,1,,1133,45.853317,-122.70749
7796,,29,,-30,7796,"Alex Merritt ",,Confirmed,PO098969,,Removal,ATI,"Green Valley Ranch ",Henderson,NV,"Multiple ",N/A,"
Looking for install and removals of multiple signs across the week of 3/23 -3/27. Times, quantities, and sign types are listed. Please let me know which dates you can do or if you are able to do all of them. 

Date: 3/23 6 am 
Sign Quantity: 3
Work Type: Remove Signs 
Sign Types: Flex 4 GDF, Flex 6GDF, 8 Football Sign 
 
Date: 3/24 at 6 am 
Sign Quantity: 3
Work Type: Remove 2, Reinstall 1 
Sign Types: Flex 4 GDF, 1 Flex 6GDF, 1 6 POD Beacon
 
Date 3/25 at 6 am 
Sign Quantity: 2
Work Type: Remove 1, Reinstall 1 
Sign Types: 1 Baron Sign, 1 6 POD beacon
 
Date 3/26 at 6 am 
Sign Quantity: 3
Work Type: Remove 3 
Sign Types: Cyclone Flex Sign, Flex 6 GDF Sign, 1 Baron Sign 
 
Date: 3/27 at 7 am
Sign Quantity: 2
Work Type: Reinstall 2 
Sign Types: Cyclone Flex Sign, 1 Baron Sign 


-------

Serial #: 
Customer Sign Part #: Multiple 
Sign Manufacture: Multiple 
Customer Product #: 
          ",06:00:00,"Date 3/25 at 6 am 
Sign Quantity: 2
Work Type: Remove 1, Reinstall 1 
Sign Types: 1 Baron Sign, 1 6 POD beacon","2026-03-16 13:38:47",494,,,,,,"1 Baron Sign, 1 6 POD beacon (2 signs total)",Yes,2026-03-25,"Proto tech 1 ., Stanley Pacheco",0,2,7796-5380,"2026-03-26 07:46:19",5380,,,120,"2026-03-25 06:00:00","2026-03-25 08:00:00",,,,,No,,"ATI Green Valley Ranch  (Removal)",#e69500,#e69500,#fff,,89074,,"Juvenal Torres",,,"Green Valley Ranch,2300 Paseo Verde Parkway,Henderson,NV,89074",1,,,,Local-1,,,1,,1136,36.020397,-115.089587
7759,,,,-30,7759,"Tracee Randall",,Completed,ZUSM-01406,8300.00,Install,Other,"Gun Lake Casino",Wayland,MI,"Brave Dragon",POD,"
No Comments

-------

Serial #: 
Customer Sign Part #: VWL-03536-400 
Sign Manufacture: The fi
Customer Product #: 
          ",08:00:00,"VWL-03536-400 ","2026-02-19 08:04:05",125,NA,0,4/21/26,2026/I-00859,INVOICED,"Merlin POD",Yes,2026-03-25,"Adrian Walker, Ernesto Perez, Metro Detroit Signs",1,3,7759-5382,,5382,,,120,"2026-03-25 08:00:00","2026-03-25 10:00:00",ZUS-000360,,,,Yes,,"Other Gun Lake Casino (Install)",#17B169,#17B169,#fff,,49348,"No License Needed-TT Alison at the gaming commission","Adriann Kamakahukilani",,,"Gun Lake Casino,1123 129th Avenue,Wayland,MI,49348",1,146912,,,"Zone 3",,,1,,1118,42.633157,-85.654204
7797,,,,-29,7797,"Alex Merritt ",,Confirmed,PO098969,,Removal,ATI,"Green Valley Ranch ",Henderson,NV,"Multiple ",N/A,"
Looking for install and removals of multiple signs across the week of 3/23 -3/27. Times, quantities, and sign types are listed. Please let me know which dates you can do or if you are able to do all of them. 

Date: 3/23 6 am 
Sign Quantity: 3
Work Type: Remove Signs 
Sign Types: Flex 4 GDF, Flex 6GDF, 8 Football Sign 
 
Date: 3/24 at 6 am 
Sign Quantity: 3
Work Type: Remove 2, Reinstall 1 
Sign Types: Flex 4 GDF, 1 Flex 6GDF, 1 6 POD Beacon
 
Date 3/25 at 6 am 
Sign Quantity: 2
Work Type: Remove 1, Reinstall 1 
Sign Types: 1 Baron Sign, 1 6 POD beacon
 
Date 3/26 at 6 am 
Sign Quantity: 3
Work Type: Remove 3 
Sign Types: Cyclone Flex Sign, Flex 6 GDF Sign, 1 Baron Sign 
 
Date: 3/27 at 7 am
Sign Quantity: 2
Work Type: Reinstall 2 
Sign Types: Cyclone Flex Sign, 1 Baron Sign 


-------

Serial #: 
Customer Sign Part #: Multiple 
Sign Manufacture: Multiple 
Customer Product #: 
          ",06:00:00,"Date 3/26 at 6 am 
Sign Quantity: 3
Work Type: Remove 3 
Sign Types: Cyclone Flex Sign, Flex 6 GDF Sign, 1 Baron Sign ","2026-03-16 13:38:47",494,,,,,,"Cyclone Flex Sign, Flex 6 GDF Sign, 1 Baron Sign ",Yes,2026-03-26,"Juvenal Torres, Proto tech 2 .",0,2,7797-5387,,5387,,,120,"2026-03-26 06:00:00","2026-03-26 08:00:00",,,,,No,,"ATI Green Valley Ranch  (Removal)",#e69500,#e69500,#fff,,89074,,"Juvenal Torres",,,"Green Valley Ranch,2300 Paseo Verde Parkway,Henderson,NV,89074",1,,,,Local-1,,,1,,1136,36.020397,-115.089587
7762,,28,,-29,7762,"Hadji Cometa",,Completed,"SVO 8125489",1236.90,Relocation,IGT,"Green Valley Ranch","Las Vegas",NV,WOF,3x1,"
Reinstall Date:
4/2 - 7am
SVO 8125491

-------

Serial #: 
Customer Sign Part #: VWL-03505-310
Sign Manufacture: FI
Customer Product #: 
          ",06:00:00,,"2026-02-19 09:33:43",125,NA,0,4/22/26,2026/I-00870,INVOICED,"WOF Trio",Yes,2026-03-26,"Proto tech 1 ., Stanley Pacheco",0,2,7762-5386,"2026-03-27 10:15:22",5386,,,120,"2026-03-26 06:00:00","2026-03-26 08:00:00",,,,,No,,"IGT Green Valley Ranch (Relocation)",#17B169,#17B169,#fff,,89052,,"Adriann Kamakahukilani",,,"Green Valley Ranch,2300 Paseo Verde Pkqy,Las Vegas,NV,89052",1,146286,Z7567,,Local-1,,,1,,1114,36.02055,-115.08999
7785,,28,,-29,7785,"Erica Franklin",,Completed,SORT208840,3803.15,Removal,AGS,"Red Hawk Casino",Placerville,CA,"Pirate Plunder / Golden Blessings",360sign,"
360 sign Removal - requesting March 26th at 5am

AGS Techs: Alicia Jimenez +1 916 639 7108, Nathan DeLeon +1 530 789 8092, & Nicole Phares (no phone #) nphares@playags.com

Supervisor: Richard Serna  +1 916 205 6471 & Lead: Jonathan Serna +1 916 906 2698

-------

Serial #: EF0810221001
Customer Sign Part #: C39-00048, KIT 360 SIGN COMMON COMPONENTS OU49C MERCHANDISING
Sign Manufacture: Eyefi
Customer Product #: 
          ",05:00:00,"Serial #: EF0810221001
Customer Sign Part #: C39-00048, KIT 360 SIGN COMMON COMPONENTS OU49C MERCHANDISING","2026-03-09 11:01:21",125,NA,0,4/22/26,2026/I-00869,INVOICED,"4Pod Premium",Yes,2026-03-26,"Dylan Chun, Ulysses Herrera",0,2,7785-5385,"2026-03-27 13:11:45",5385,,,120,"2026-03-26 05:00:00","2026-03-26 07:00:00",,,,,Yes,,"AGS Red Hawk Casino (Removal)",#17B169,#17B169,#fff,,95667,,"Adriann Kamakahukilani",,,"Red Hawk Casino,1 Red Hawk Parkway,Placerville,CA,95667",1,129570,EF0810221001,,"Zone 9",,,1,,1131,38.694947,-120.908402
7798,,28,,-28,7798,"Alex Merritt ",,Confirmed,PO098969,,Removal,ATI,"Green Valley Ranch ",Henderson,NV,"Multiple ",N/A,"
Looking for install and removals of multiple signs across the week of 3/23 -3/27. Times, quantities, and sign types are listed. Please let me know which dates you can do or if you are able to do all of them. 

Date: 3/23 6 am 
Sign Quantity: 3
Work Type: Remove Signs 
Sign Types: Flex 4 GDF, Flex 6GDF, 8 Football Sign 
 
Date: 3/24 at 6 am 
Sign Quantity: 3
Work Type: Remove 2, Reinstall 1 
Sign Types: Flex 4 GDF, 1 Flex 6GDF, 1 6 POD Beacon
 
Date 3/25 at 6 am 
Sign Quantity: 2
Work Type: Remove 1, Reinstall 1 
Sign Types: 1 Baron Sign, 1 6 POD beacon
 
Date 3/26 at 6 am 
Sign Quantity: 3
Work Type: Remove 3 
Sign Types: Cyclone Flex Sign, Flex 6 GDF Sign, 1 Baron Sign 
 
Date: 3/27 at 7 am
Sign Quantity: 2
Work Type: Reinstall 2 
Sign Types: Cyclone Flex Sign, 1 Baron Sign 


-------

Serial #: 
Customer Sign Part #: Multiple 
Sign Manufacture: Multiple 
Customer Product #: 
          ",06:00:00,"Date: 3/27 at 7 am
Sign Quantity: 2
Work Type: Reinstall 2 
Sign Types: Cyclone Flex Sign, 1 Baron Sign ","2026-03-16 13:38:47",494,,,,,,"Cyclone Flex Sign, 1 Baron Sign ",Yes,2026-03-27,"Proto tech 1 ., Ulysses Herrera",0,2,7798-5388,"2026-03-27 13:09:31",5388,,,120,"2026-03-27 06:00:00","2026-03-27 08:00:00",,,,,No,,"ATI Green Valley Ranch  (Removal)",#e69500,#e69500,#fff,,89074,,"Juvenal Torres",,,"Green Valley Ranch,2300 Paseo Verde Parkway,Henderson,NV,89074",1,"144894,144895,144896,144897,144898,Not displayed ",",Helix new sign ",,Local-1,,,1,,1136,36.020397,-115.089587
7763,,,,-28,7763,"Hadji Cometa",,Completed,"SVO 8125489",1236.90,Relocation,IGT,"Green Valley Ranch","Las Vegas",NV,WOF,3x1,"
Reinstall Date:
4/2 - 7am
SVO 8125491

-------

Serial #: 
Customer Sign Part #: VWL-03505-310
Sign Manufacture: FI
Customer Product #: 
          ",07:00,,"2026-02-19 09:34:36",125,NA,0,4/22/26,2026/I-00870,INVOICED,"WOF Trio",Yes,2026-03-27,"Adrian Walker, Proto tech 2 .",0,2,7763-5389,,5389,,,120,"2026-03-27 07:00","2026-03-27 09:00:00",,,,,No,,"IGT Green Valley Ranch (Relocation)",#17B169,#17B169,#fff,,89052,,"Adriann Kamakahukilani",,,"Green Valley Ranch,2300 Paseo Verde Pkqy,Las Vegas,NV,89052",1,146286,Z7567,,Local-1,,,1,,1114,36.02055,-115.08999
7812,,,,-25,7812,"Nani Olivares",,"Cancelled - NB",,,Install,ATI,"Green Valley Ranch","Las Vegas",NV,,,,06:00,"GVR â€“ Reinstall 8 football sign and 1 Cyclone Sign â€“ 6am","2026-03-27 12:51:50",125,,,,,,"GVR â€“ Reinstall 8 football sign and 1 Cyclone Sign â€“ 6am",Yes,2026-03-30,"No techs assigned",,,,,,,,120,"2026-03-30 06:00","2026-03-30 08:00:00",,,"Will be doing it themselves. ",,No,,"ATI Green Valley Ranch (Install)",#DA70D6,#DA70D6,#fff,,89052,,"Adriann Kamakahukilani",,,"Green Valley Ranch,2300 Paseo Verde Pkqy,Las Vegas,NV,89052",1,,,,Local-1,,,1,,,,
7804,,,,-25,7804,"Lindsay Rogers",,"Rescheduled - NB","JIRA OP-8155",,Relocation,AGS,"Ballys Shreveport",Shreveport,LA,"360 4POD Premium","4POD Premium 360","
No Comments

-------

Serial #: EF1119221009
Customer Sign Part #: C39-00048
Sign Manufacture: AGS-EYEFI
Customer Product #: C39-00048
          ",08:00:00,"Serial #: EF1119221009
Customer Sign Part #: C39-00048","2026-03-20 10:47:43",125,,,,,,"Orion Premium 360",Yes,2026-03-30,"No techs assigned",,,7804-5405,,5405,,,120,"2026-03-30 08:00:00","2026-03-30 10:00:00",,,,,Yes,,"AGS Ballys Shreveport (Relocation)",#B10DC9,#B10DC9,#fff,,71101,,"Adriann Kamakahukilani",,,"Ballys Shreveport,451 Clyde Fant Pkwy,Shreveport,LA,71101",1,,,,"Zone 4",,,1,,1144,32.5174,-93.74438
7811,,,,-23,7811,"Lindsay Rogers",,Completed,"JIRA OP-8155",3412.50,Relocation,AGS,"Ballys Shreveport",Shreveport,LA,"360 4POD Premium","4POD Premium 360","
No Comments

-------

Serial #: EF1119221009
Customer Sign Part #: C39-00048
Sign Manufacture: AGS-EYEFI
Customer Product #: C39-00048
          ",08:00:00,"Serial #: EF1119221009
Customer Sign Part #: C39-00048","2026-03-27 12:42:50",125,NA,0,4/24/26,2026/I-00903,INVOICED,"Orion Premium 360",Yes,2026-04-01,"CNC Signs",1,1,7811-5406,,5406,,,120,"2026-04-01 08:00:00","2026-04-01 10:00:00",,,,,Yes,,"AGS Ballys Shreveport (Relocation)",#17B169,#17B169,#fff,,71101,,"Adriann Kamakahukilani",,,"Ballys Shreveport,451 Clyde Fant Pkwy,Shreveport,LA,71101",1,,,Accounting,"Zone 4",2,,1,,1144,32.5174,-93.74438
7805,,5,,-21,7805,"Victor Estrella",,Completed,110000021320,3000.00,Removal,Yaamava,"San Manuel Casino",Highland,CA,,,,07:00,,"2026-03-24 06:53:08",125,NA,0,4/22/2026,2026/I-00871,INVOICED,"Konami 360 ",Yes,2026-04-03,"Stanley Pacheco, Ulysses Herrera",0,2,7805-5390,"2026-04-19 13:47:43",5390,,,120,"2026-04-03 07:00","2026-04-03 09:00:00",,,,,Yes,,"Yaamava San Manuel Casino (Removal)",#17B169,#17B169,#fff,,92346,,"Adriann Kamakahukilani",,,"San Manuel Casino,777 San Manuel Blvd,Highland,CA,92346",1,"None Simtech Sign",12335,,"Zone 9",,,1,,,,
7801,,,,-18,7801,"Erica Franklin",,Confirmed,SORT209010,,Removal,AGS,"MGM National Harbor","Oxon Hill",MD,"Pirate Plunder & Golden Blessings / Golden Win","360sign | Starwall 3x1","
Requesting Game Floor removal April 6th @ 8am

AGS Field Service: James Fennessy +1 410 300 3515 & Robert Simons +1 443 525 0302
AGS Field Service Supervisor: Eugene Cole +1 443 255 6186

Casino Contact: Philip Quidilla, Slot Technical Manager, M# 301.379.2172 / W# 301.971.5627

C39-00048, KIT 360 SIGN COMMON COMPONENTS OU49C MERCHANDISING 
  Theme: Pirate Plunder & Golden Blessings
   Serial # EF0820211031

C56-00040, STARWALL COMPLETE ASSEMBLY 3X1 CONFIGURATION
    Theme: Golden Win
     Serial # EF0824211035

-------

Serial #: EF0820211031 / EF0824211035
Customer Sign Part #: C39-00048, KIT 360 SIGN COMMON COMPONENTS OU49C MERCHANDISING & C56-00040, STARWALL COMPLETE ASSEMBLY 3X1 CONFIGURATION
Sign Manufacture: Eyefi
Customer Product #: 
          ",08:00:00,"C39-00048, KIT 360 SIGN COMMON COMPONENTS OU49C MERCHANDISING 
  Theme: Pirate Plunder & Golden Blessings
   Serial # EF0820211031

C56-00040, STARWALL COMPLETE ASSEMBLY 3X1 CONFIGURATION
    Theme: Golden Win
     Serial # EF0824211035","2026-03-19 06:27:33",125,,,,,,"4 Curve Carousel w/ 360sign",Yes,2026-04-06,"Dylan Chun, Stanley Pacheco",0,2,7801-5391,,5391,,,120,"2026-04-06 08:00:00","2026-04-06 10:00:00",,,,,Yes,,"AGS MGM National Harbor (Removal)",#e69500,#e69500,#fff,,20745,,"Adriann Kamakahukilani",,,"MGM National Harbor,101 MGM National Avenue,Oxon Hill,MD,20745",1,,"EF0820211031,EF0824211035",,"Zone 1",,,1,,1141,38.795119,-77.009868
7823,,,,-18,7823,"Randall Heady",,Completed,PO099004,945.00,Repair,ATI,"Four Winds South Bend Casino","South Bend",IN,,,,08:00,,"2026-04-06 12:57:15",125,260025,726.95,4/22/26,2026/I-00872,INVOICED,"Scratched Sign",Yes,2026-04-06,"Superior Sign Company",1,1,7823-5407,,5407,,,120,"2026-04-06 08:00","2026-04-06 10:00:00",,,,,Yes,,"ATI Four Winds South Bend Casino (Repair)",#17B169,#17B169,#fff,,46614,,"Adriann Kamakahukilani",,,"Four Winds South Bend Casino,3000 Prairie Avenue,South Bend,IN,46614",1,,,Accounting,"Zone 3",2,,1,,,,
7810,,,,-17,7810,"Tracee Randall",,Confirmed,ZUSM-01195,,Removal,Zitro,"Hollywood Mahoning Valley",Youngstown,OH,"Legendary Sword",POD,"
No Comments

-------

Serial #: 
Customer Sign Part #: SGN-03480-100U  & VWL-03480-410U
Sign Manufacture: The fi
Customer Product #: 
          ",08:00:00,"Customer Sign Part #: SGN-03480-100U  & VWL-03480-410U","2026-03-26 13:49:30",125,,,,,,"360Â° Round Sign w/LED Wedges",Yes,2026-04-07,"Dylan Chun, Stanley Pacheco",0,2,7810-5392,,5392,,,120,"2026-04-07 08:00:00","2026-04-07 10:00:00",ZUS-000385,,,,Yes,,"Zitro Hollywood Mahoning Valley (Removal)",#e69500,#e69500,#fff,,44515,,"Adriann Kamakahukilani",,,"Hollywood Mahoning Valley,655 North Canfield Niles Road,Youngstown,OH,44515",1,,,,"Zone 3",,,1,,1151,41.115538,-80.761231
7781,,,,-17,7781,"Tracee Randall",,"Cancelled - NB",ZUSM-01447,,Install,Other,"Cache Creek Casino",Brooks,CA,"Brave Dragon",POD,"
Licensing says check in w/security

-------

Serial #: 
Customer Sign Part #: VWL-03536-400
Sign Manufacture: The fi
Customer Product #: 
          ",08:00:00,"Customer Sign Part #: VWL-03536-400","2026-03-03 06:40:12",125,,,,,,"Merlin POD",Yes,2026-04-07,"No techs assigned",,,,,,,,120,"2026-04-07 08:00:00","2026-04-07 10:00:00",ZUS-000367,,"Will be rescheduled",,Yes,,"Other Cache Creek Casino (Install)",#DA70D6,#DA70D6,#fff,,95606,,"Adriann Kamakahukilani",,,"Cache Creek Casino,14455 State Highway 16,Brooks,CA,95606",1,,,,"Zone 9",,,1,,1127,38.735474,-122.140808
7821,,17,,-17,7821,"Hadji Cometa",,Completed,1528796,850.00,Install,IGT,"Caesars Palace","Las Vegas",NV,"WOF ",3x1,"
No Comments

-------

Serial #: 
Customer Sign Part #: VWL-03505-310
Sign Manufacture: FI
Customer Product #: 
          ",05:00,"Customer Sign Part #: VWL-03505-310","2026-04-02 10:17:07",125,NA,0,4/22/26,2026/I-00873,INVOICED,"WOF Trio",Yes,2026-04-07,"Proto tech 1 ., Ulysses Herrera",0,2,7821-5393,"2026-04-07 13:41:49",5393,,,120,"2026-04-07 05:00","2026-04-07 07:00:00",,,,,No,,"IGT Caesars Palace (Install)",#17B169,#17B169,#fff,,89109,,"Adriann Kamakahukilani",,,"Caesars Palace,S Las Vegas Blvd,Las Vegas,NV,89109",1,146102,Z7291,Accounting,Local-1,,,1,,1166,36.11672,-115.173377
7809,,,,-16,7809,"Chuck Stutz",,Completed,60256996,6392.59,Removal,IGT,"The Santa Claran Hotel & Casino",Espanola,NM,"Prosperity Link ","4 x 1","
Not sure if a gaming license is required, I have a call into the casino to ask.

-------

Serial #: Z1903
Customer Sign Part #: PEAK49-SNGLFACE-LED Eye Fi
Sign Manufacture: Eye Fi
Customer Product #: 
          ",05:00,"Serial #: Z1903
Customer Sign Part #: PEAK49-SNGLFACE-LED Eye Fi","2026-03-25 12:18:18",125,NA,0,4/22/26,,INVOICED,"Peak Slant 49",Yes,2026-04-08,"Adrian Walker, Ernesto Perez",0,2,7809-5394,,5394,,,120,"2026-04-08 05:00","2026-04-08 07:00:00",,,,,Yes,,"IGT The Santa Claran Hotel & Casino (Removal)",#17B169,#17B169,#fff,,87532,,"Adriann Kamakahukilani",,,"The Santa Claran Hotel & Casino,460 North Riverside Drive,Espanola,NM,87532",1,,Z1903,Accounting,"Zone 6",,,1,,1112,35.99659,-106.066307
7813,,16,,-16,7813,"Hadji Cometa",,Completed,"SVO 8140678",850.00,Removal,IGT,"The Strat Casino","Las Vegas",NV,WOF,3x1,"
We will provide the SVO as soon as it becomes available. 

-------

Serial #: 
Customer Sign Part #: VWL-03505-310
Sign Manufacture: FI
Customer Product #: 
          ",05:00:00,"Customer Sign Part #: VWL-03505-310","2026-03-27 15:17:00",125,NA,0,4/22/26,2026/I-00876,INVOICED,"WOF Trio",Yes,2026-04-08,"Dylan Chun, Ulysses Herrera",0,2,7813-5395,"2026-04-08 19:28:44",5395,,,120,"2026-04-08 05:00:00","2026-04-08 07:00:00",,,,,No,,"IGT The Strat Casino (Removal)",#17B169,#17B169,#fff,,89102,,"Adriann Kamakahukilani",,,"The Strat Casino,2000 Las Vegas Blvd S,Las Vegas,NV,89102",1,146391,Z7608,Accounting,Local-1,,,1,,1153,36.147526,-115.156548
7828,,13,,-15,7828,"Craig Vinciguerra",,Confirmed,,,Repair,Bluberi,"Excalibur Hotel","Las Vegas",NV,,,,08:00,,"2026-04-09 08:09:49",125,,,,,,"LED Sign",Yes,2026-04-09,"Ulysses Herrera",0,1,7828-5397,"2026-04-11 19:21:10",5397,,,120,"2026-04-09 08:00","2026-04-09 10:00:00",,,,,No,,"Bluberi Excalibur Hotel (Repair)",#e69500,#e69500,#fff,,89109,,"Adriann Kamakahukilani",,,"Excalibur Hotel,3850 Las Vegas Blvd South,Las Vegas,NV,89109",1,148318,,,Local-1,,,1,,,,
7802,,,,-15,7802,"Kayla Bell",,Completed,PO095435,3900.00,Install,ATI,"Acorn Ridge Casino",Plymouth,CA,"Buffalo Mega Stampede","6 POD","
No Comments

-------

Serial #: 
Customer Sign Part #: NA
Sign Manufacture: EyeFi
Customer Product #: 
          ",08:00:00,,"2026-03-19 06:33:44",125,NA,0,4/22/26,2026/I-00875,INVOICED,"6 Pod Baron",Yes,2026-04-09,"Adrian Walker, Ernesto Perez",0,2,7802-5396,,5396,,,120,"2026-04-09 08:00:00","2026-04-09 10:00:00",,,,,Yes,,"ATI Acorn Ridge Casino (Install)",#17B169,#17B169,#fff,,95669,,"Adriann Kamakahukilani",,,"Acorn Ridge Casino,17500 State Highway 49,Plymouth,CA,95669",1,134518,Z1903,Accounting,"Zone 9",,,1,,1146,38.463155,-120.856856
7748,,,,-11,7748,"Sergio Perez ",,Confirmed,"Not Available at this time.  ",,Install,ATI,"San Manuel Indian Bingo and Casino",Highland,CA,"Monopoly ","4POD ","
Install will start on April 13th. 
Might need two techs to stay onsite just in case on 3/14. 
Need 2 independent Teams. 

-------

Serial #: 
Customer Sign Part #: Not Available at this time 
Sign Manufacture: Eye Fi
Customer Product #: 
          ",05:30:00,"Install will start on April 13th. 
Might need two techs to stay onsite just in case on 3/14. 
Need 2 independent Teams. ","2026-02-05 15:23:53",125,,,,,,"Skyline Sign ",Yes,2026-04-13,"Adrian Walker, Dylan Chun, Stanley Pacheco, Ulysses Herrera",0,4,7748-5398,,5398,,,120,"2026-04-13 05:30:00","2026-04-13 07:30:00",,,,,Yes,,"ATI San Manuel Indian Bingo and Casino (Install)",#e69500,#e69500,#fff,,92346,,"Adriann Kamakahukilani",,,"San Manuel Indian Bingo and Casino,777 San Manuel Boulevard,Highland,CA,92346",1,"148440,148441",,,"Zone 9",,,1,,1109,34.150335,-117.229094
7755,,5,,-10,7755,"Sergio Perez ",,Confirmed,"Not Available at this time.  ",,Install,ATI,"San Manuel Indian Bingo and Casino",Highland,CA,"Monopoly ","4POD ","
Install will start on April 13th. 
Might need two techs to stay onsite just in case on 3/14. 
Need 2 independent Teams. 

-------

Serial #: 
Customer Sign Part #: Not Available at this time 
Sign Manufacture: Eye Fi
Customer Product #: 
          ",05:30:00,"Install will start on April 13th. 
Might need two techs to stay onsite just in case on 3/14. 
Need 2 independent Teams. ","2026-02-11 07:44:57",125,,,,,,"Skyline Sign ",Yes,2026-04-14,"Ulysses Herrera",0,1,7755-5401,"2026-04-19 13:43:47",5401,,,120,"2026-04-14 05:30:00","2026-04-14 07:30:00",,,,,Yes,,"ATI San Manuel Indian Bingo and Casino (Install)",#e69500,#e69500,#fff,,92346,,"Adriann Kamakahukilani",,,"San Manuel Indian Bingo and Casino,777 San Manuel Boulevard,Highland,CA,92346",1,"148440,148444",,,"Zone 9",,,1,,1109,34.150335,-117.229094
7819,,,,-10,7819,"Hadji Cometa",,Confirmed,1531571,,Removal,IGT,"Downtown Grand Hotel","Las Vegas",NV,WOF,1x1,"
There is a removal of 2 signs that works with this install - 
SVO 8125065 
(SGN-DRS WHEEL-2X1 WOF BANK,FI)  &  (SGN-DRS WHEEL-4 POD WOF BANK,FI)

-------

Serial #: 
Customer Sign Part #: VWL-03531-102
Sign Manufacture: FI
Customer Product #: 
          ",05:00:00,"There is a removal of 2 signs that works with this install - 
SVO 8125065 
(SGN-DRS WHEEL-2X1 WOF BANK,FI)  &  (SGN-DRS WHEEL-4 POD WOF BANK,FI)","2026-04-01 14:23:20",125,,,,,,"Crystal Reel",Yes,2026-04-14,"Adrian Walker, Adriann Kamakahukilani, Ernesto Perez",0,3,7819-5400,,5400,,,120,"2026-04-14 05:00:00","2026-04-14 07:00:00",,,,,,,"IGT Downtown Grand Hotel (Removal)",#e69500,#e69500,#fff,,89101,,"Adriann Kamakahukilani",,,"Downtown Grand Hotel,206 North 3rd Street,Las Vegas,NV,89101",1,"145955,146003","Z7238,Z7253",,Local-1,,,1,,1158,36.171677,-115.141579
7818,,,,-10,7818,"Hadji Cometa",,"Cancelled - NB",1531571,,Install,IGT,"Downtown Grand Hotel","Las Vegas",NV,WOF,1x1,"
There is a removal of 2 signs that works with this install - 
SVO 8125065 
(SGN-DRS WHEEL-2X1 WOF BANK,FI)  &  (SGN-DRS WHEEL-4 POD WOF BANK,FI)

-------

Serial #: 
Customer Sign Part #: VWL-03531-102
Sign Manufacture: FI
Customer Product #: 
          ",05:00:00,"There is a removal of 2 signs that works with this install - 
SVO 8125065 
(SGN-DRS WHEEL-2X1 WOF BANK,FI)  &  (SGN-DRS WHEEL-4 POD WOF BANK,FI)","2026-04-01 14:16:09",125,,,,,,"Crystal Reel",Yes,2026-04-14,"No techs assigned",,,7818-5399,,5399,,,120,"2026-04-14 05:00:00","2026-04-14 07:00:00",,,"Wrong sign ordered",,,,"IGT Downtown Grand Hotel (Install)",#DA70D6,#DA70D6,#fff,,89101,,"Adriann Kamakahukilani",,,"Downtown Grand Hotel,206 North 3rd Street,Las Vegas,NV,89101",1,,,,Local-1,,,1,,1158,36.171677,-115.141579
7808,,,,-9,7808,"Richard Serna",,"Cancelled - NB",,,Removal,AGS,"Graton Casino","Rohnert Park",CA,Unknown,"5 POD","
Service Location: Graton Casino

Address : 288 Golf Course Drive West, Rohnert Park, CA 94928

Date: 4/15/26 5AM Start Time

Project: 5-pod 360 sign ( removal )

Serial: EF0820211030

 

Requester: Richard Serna

Techs on site: Alicia Jimenez / Cris Small  /  Robert Mata

 

Licensing needs : yes

Sign jacks needed : yes

Floor mounted: no

-------

Serial #: EF0820211030
Customer Sign Part #: Uknown
Sign Manufacture: Unknown
Customer Product #: 
          ",05:00:00,,"2026-03-24 13:40:54",125,,,,,,"360 ",Yes,2026-04-15,"No techs assigned",,,,,,,,120,"2026-04-15 05:00:00","2026-04-15 07:00:00",,,"Customer will reschedule. ",,Yes,,"AGS Graton Casino (Removal)",#DA70D6,#DA70D6,#fff,,94928,,"Adriann Kamakahukilani",,,"Graton Casino,288 Golf Course Drive,Rohnert Park,CA,94928",1,,,,"Zone 9",,,1,,1150,38.362258,-122.707401
7807,,5,,-8,7807,"Lindsay Rogers",,Confirmed,"SORT208830 & SORT209053",,Removal,AGS,"Agua Caliente Resort Casino Spa Rancho Mirage","Rancho Mirage",CA,"360 Premium","4POD 360 Premium","
No Comments

-------

Serial #: EF0903211057
Customer Sign Part #: C39-00048
Sign Manufacture: AGS-EYEFI
Customer Product #: C39-00048
          ",08:00:00,"Serial #: EF0903211057
Customer Sign Part #: C39-00048","2026-03-24 12:52:47",125,,,,,,"Orion Premium 360",Yes,2026-04-16,"Ernesto Perez, Ulysses Herrera",0,2,7807-5402,"2026-04-19 13:43:12",5402,,,120,"2026-04-16 08:00:00","2026-04-16 10:00:00",,,,,Yes,,"AGS Agua Caliente Resort Casino Spa Rancho Mirage (Removal)",#e69500,#e69500,#fff,,92270,,"Adriann Kamakahukilani",,,"Agua Caliente Resort Casino Spa Rancho Mirage,32250 Bob Hope Drive,Rancho Mirage,CA,92270",1,",134137","EF0719221005,EF1228211001",,"Zone 9",,,1,,1149,33.81448,-116.408461
7826,,,,-8,7826,"Hadji Cometa",,Confirmed,1530387,,Install,IGT,"Boulder Station Hotel & Casino Bingo Room","Las Vegas",NV,"WOF ",3x1,"
No Comments

-------

Serial #: 
Customer Sign Part #: VWL-03505-310
Sign Manufacture: FI
Customer Product #: 
          ",05:00:00,"Customer Sign Part #: VWL-03505-310","2026-04-08 08:44:52",125,,,,,,"WOF Trio",Yes,2026-04-16,"Dylan Chun, Stanley Pacheco",0,2,7826-5403,,5403,,,120,"2026-04-16 05:00:00","2026-04-16 07:00:00",,,,,No,,"IGT Boulder Station Hotel & Casino Bingo Room (Install)",#e69500,#e69500,#fff,,89121,,"Adriann Kamakahukilani",,,"Boulder Station Hotel & Casino Bingo Room,4111 Boulder Highway,Las Vegas,NV,89121",1,,test,,Local-1,,,1,,1168,36.134353,-115.084888
7833,,1,,-8,7833,"Travis Dugger",,Confirmed,TBD,,Removal,IGT,"IGT Showroom","Las Vegas",NV,,,,06:00,,"2026-04-15 12:53:58",125,,,,,,"MB DRS Gambler & 2x2 WOF DRS",Yes,2026-04-16,"Adrian Walker, Proto tech 2 .",0,2,7833-5404,"2026-04-23 20:26:39",5404,,,120,"2026-04-16 06:00","2026-04-16 08:00:00",,,,,No,,"IGT IGT Showroom (Removal)",#e69500,#e69500,#fff,,89113,,"Adriann Kamakahukilani",,,"IGT Showroom,6355 S Buffalo Dr,Las Vegas,NV,89113",1,146128,Z7507,,Local-1,,,1,,,,
7827,,,,-3,7827,"Brittney Kemerley",,Confirmed,SO292224,,Install,AGS,"Mohegan Sun",Uncasville,CT,NA,"4pod squircle","
No Comments

-------

Serial #: 
Customer Sign Part #: C39-00411
Sign Manufacture: EYEFI
Customer Product #: C39-00411
          ",08:00:00,"Customer Sign Part #: C39-00411","2026-04-09 07:00:47",125,,,,,,spectra,Yes,2026-04-21,"Adrian Walker, Dylan Chun",0,2,7827-5408,,5408,,,120,"2026-04-21 08:00:00","2026-04-21 10:00:00",,,,,Yes,,"AGS Mohegan Sun (Install)",#e69500,#e69500,#fff,,06382,,"Adriann Kamakahukilani",,,"Mohegan Sun,1 Mohegan Sun Boulevard,Uncasville,CT,06382",1,148450,EF0318261000,,"Zone 1",,,1,,1170,41.488423,-72.086688
7831,,,,-2,7831,"Lindsay Rogers",,Confirmed,SORT209081,,Removal,AGS,"The Point Casino & Hotel",Kingston,WA,"Orion Curve Premium 360 & 3x2 Premium Inline","Orion Curve Premium 360 & 3x2 Premium Inline","
Orion Curve Premium 360 & 3x2 Premium Inline removal. Request by 4/8 or 4/9

-------

Serial #: EF1028211009
Customer Sign Part #: C39-00048
Sign Manufacture: AGS-EYEFI
Customer Product #: C39-00048
          ",06:00:00,"Serial #: EF1028211009
Customer Sign Part #: C39-00048","2026-04-10 12:05:01",125,,,,,,"Orion Curve Premium 360 & 3x2 Premium Inline",Yes,2026-04-22,"Ernesto Perez, Ulysses Herrera",0,2,7831-5409,,5409,,,120,"2026-04-22 06:00:00","2026-04-22 08:00:00",,,,,Yes,,"AGS The Point Casino & Hotel (Removal)",#e69500,#e69500,#fff,,98346,,"Adriann Kamakahukilani",,,"The Point Casino & Hotel,7989 Northeast Salish Lane,Kingston,WA,98346",1,132502,EF1028211009,,"Zone 8",,,1,,1161,47.844619,-122.543352
7836,,,,-2,7836,"Travis Dugger",,Confirmed,TBD,,Removal,IGT,"IGT Showroom","Las Vegas",NV,,,,06:00,,"2026-04-20 15:10:08",125,,,,,,"MB DRS Gambler",Yes,2026-04-22,"Dylan Chun, Stanley Pacheco",0,2,7836-5410,,5410,,,120,"2026-04-22 06:00","2026-04-22 08:00:00",,,,,No,,"IGT IGT Showroom (Removal)",#e69500,#e69500,#fff,,89113,,"Adriann Kamakahukilani",,,"IGT Showroom,6355 S Buffalo Dr,Las Vegas,NV,89113",1,138249,Z2571,,Local-1,,,1,,,,
7799,,,,3,7799,"Lindsay Rogers",,Confirmed,SORT208809,,Removal,AGS,"Four Winds Casino South Bend","South Bend",IN,"360 4POD Premium","360 4POD Premium","
No Comments

-------

Serial #: EF131490
Customer Sign Part #: C39-00048
Sign Manufacture: AGS-EYEFI
Customer Product #: C39-00048
          ",08:30:00,"Serial #: EF131490
Customer Sign Part #: C39-00048
Sign Manufacture: AGS-EYEFI
Customer Product #: C39-00048","2026-03-18 07:17:53",125,,,,,,"Orion 360",Yes,2026-04-27,"Dylan Chun, Stanley Pacheco",0,2,,,,,,120,"2026-04-27 08:30:00","2026-04-27 10:30:00",,,,,Yes,,"AGS Four Winds Casino South Bend (Removal)",#e69500,#e69500,#fff,,46614,,"Adriann Kamakahukilani",,,"Four Winds Casino South Bend,3000 Prairie Avenue,South Bend,IN,46614",1,,,,"Zone 3",,,1,,1142,41.64165,-86.29166
7806,,,,3,7806,"Alyssa Smith ",,Confirmed,,,Install,ATI,"Desert Diamond Casino Tucson","Tucson,",AZ,"Monopoly ","4 POD","
No Comments

-------

Serial #: 
Customer Sign Part #: MONOPOLY SKYLINE 4POD 
Sign Manufacture: The Fi Company 
Customer Product #: 
          ",08:00:00,"Serial #: 
Customer Sign Part #: MONOPOLY SKYLINE 4POD ","2026-03-24 07:06:03",125,,,,,,Aristocrat,Yes,2026-04-27,"Adrian Walker, Ernesto Perez",0,2,,,,,,120,"2026-04-27 08:00:00","2026-04-27 10:00:00",,,,,Yes,,"ATI Desert Diamond Casino Tucson (Install)",#e69500,#e69500,#fff,,85756,,"Adriann Kamakahukilani",,,"Desert Diamond Casino Tucson,7350 S Nogales Hwy,Tucson,,AZ,85756",1,,,,"Zone 6",,,1,,1148,33.551128,-112.26239
7829,,,,4,7829,"Erica Franklin",,Confirmed,SORT208885,,Removal,AGS,"Desert Diamond Casino Tucson",Tucson,AZ,"Werewolf Fury & Strike",360Sign,"
Requesting game floor removal April 27th at 8am with cabinet pick-up removal from site scheduled for 4/28 

Service Techs - Ray Regalado +1 480 934 5212 & Gabriel Reid 520-784-9149 
Supervisor - Alfred Rivera +1 702 308 2633

-------

Serial #: EF0719221007
Customer Sign Part #: C39-00048 KIT 360 SIGN COMMON COMPONENTS OU49C MERCHANDISING
Sign Manufacture: Eyefi
Customer Product #: 
          ",06:00,"Serial #: EF0719221007
Customer Sign Part #: C39-00048 KIT 360 SIGN COMMON COMPONENTS OU49C MERCHANDISING","2026-04-09 12:14:38",125,,,,,,"4Pod Curve Premium",Yes,2026-04-28,"Adrian Walker, Ernesto Perez",0,2,,,,,,120,"2026-04-28 06:00","2026-04-28 08:00:00",,,,,Yes,,"AGS Desert Diamond Casino Tucson (Removal)",#e69500,#e69500,#fff,,85756,,"Adriann Kamakahukilani",,,"Desert Diamond Casino Tucson,7350 South Nogales Highway,Tucson,AZ,85756",1,,,,"Zone 6",,,1,,1167,32.117992,-110.961339
7832,,,,4,7832,"Hadji Cometa",,Confirmed,1532403,,Install,IGT,"Silver Sevens Hotel & Casino","Las Vegas",NV,WOF,3x1,"
No Comments

-------

Serial #: 
Customer Sign Part #: VWL-03505-310
Sign Manufacture: FI
Customer Product #: 
          ",06:00:00,"Customer Sign Part #: VWL-03505-310","2026-04-15 07:41:00",125,,,,,,"WOF Trio",Yes,2026-04-28,"Dylan Chun, Stanley Pacheco",0,2,,,,,,120,"2026-04-28 06:00:00","2026-04-28 08:00:00",,,,,No,,"IGT Silver Sevens Hotel & Casino (Install)",#e69500,#e69500,#fff,,89119,,"Adriann Kamakahukilani",,,"Silver Sevens Hotel & Casino,4100 Paradise Road,Las Vegas,NV,89119",1,,,,Local-1,,,1,,1172,36.11373,-115.15284
7845,,,,4,7845,"Erica Franklin",,Confirmed,SORT209229,,Removal,AGS,"Mystic Lake Casino","Prior Lake",MN,"Pirate Plunder & Golden Blessings",360sgin,"
Sign Serial # EF1006221003
 
Requesting removal April 28th at 8am

Field Service Tech - Shane Carter +1 763 325 3654 & Travis Calkins +1 218 851 4120
Field Service Supervisor - Merlin Harwood +1 406 229 1555

-------

Serial #:  EF1006221003
Customer Sign Part #: C39-00048 KIT 360 SIGN COMMON COMPONENTS OU49C MERCHANDISING
Sign Manufacture: Eyefi
Customer Product #: 
          ",08:00:00,"Sign Serial # EF1006221003
 
Requesting removal April 28th at 8am

Field Service Tech - Shane Carter +1 763 325 3654 & Travis Calkins +1 218 851 4120
Field Service Supervisor - Merlin Harwood +1 406 229 1555","2026-04-24 06:01:56",125,,,,,,"4-Pod Curve Premium",Yes,2026-04-28,"Superior Sign Company",1,1,,,,,,120,"2026-04-28 08:00:00","2026-04-28 10:00:00",,,,,Yes,,"AGS Mystic Lake Casino (Removal)",#e69500,#e69500,#fff,,55372,,"Adriann Kamakahukilani",,,"Mystic Lake Casino,2400 Mystic Lake Boulevard,Prior Lake,MN,55372",1,,,,"Zone 3",2,,1,,1177,44.72999,-93.47195
7846,,,,7,7846,"Steve Varga",,Confirmed,8146329,,Relocation,IGT,"New York / New York","Las Vegas",NV,"Tiger & Dragon",3-pod,"
No Comments

-------

Serial #: Z6165?
Customer Sign Part #: SGN-PKCURVE 3 POD XLED FF,EGADS
Sign Manufacture: Egads
Customer Product #: 
          ",03:00:00,"Serial #: Z6165?
Customer Sign Part #: SGN-PKCURVE 3 POD XLED FF,EGADS
Sign Manufacture: Egads","2026-04-24 10:52:00",125,,,,,,"Peak Curve-49",Yes,2026-05-01,"Adrian Walker, Dylan Chun",0,2,,,,,,120,"2026-05-01 03:00:00","2026-05-01 05:00:00",,,,,No,,"IGT New York / New York (Relocation)",#e69500,#e69500,#fff,,89109,,"Adriann Kamakahukilani",,,"New York / New York,3790 Las Vegas Boulevard South,Las Vegas,NV,89109",1,,,,Local-1,,,1,,1183,36.101533,-115.174694
7815,,,,10,7815,"Tracee Randall",,Confirmed,ZUSM-01447,,Install,Other,"Cache Creek Casino",Brooks,CA,"Brave Dragon",POD,"
Licensing says check in w/security

-------

Serial #: 
Customer Sign Part #: VWL-03536-400
Sign Manufacture: The fi
Customer Product #: 
          ",06:00,"Customer Sign Part #: VWL-03536-400","2026-03-31 10:47:20",125,,,,,,"Merlin POD",Yes,2026-05-04,"Ernesto Perez, Ulysses Herrera",0,2,,,,,,120,"2026-05-04 06:00","2026-05-04 08:00:00",ZUS-000367,,,,Yes,,"Other Cache Creek Casino (Install)",#e69500,#e69500,#fff,,95606,,"Adriann Kamakahukilani",,,"Cache Creek Casino,14455 State Highway 16,Brooks,CA,95606",1,,,,"Zone 9",,,1,,1127,38.735474,-122.140808
7816,,,,10,7816,"Lindsay Rogers",,Confirmed,SO293911,,Relocation,AGS,"Cherokee Casino Roland",Roland,OK,"3x2 Inline Orion Curve Premium","3x2 Inline Premium","
Sign Relocation: 3x2 Inline Premium Orion Curve, Requested May 4 2026 @ 08:00AM

-------

Serial #: 
Customer Sign Part #: C56-00069
Sign Manufacture: AGS-EYEFI
Customer Product #: C56-00069
          ",08:00:00,,"2026-03-31 10:48:01",125,,,,,,"Orion Curve Premium",Yes,2026-05-04,"Dylan Chun, Stanley Pacheco",0,2,,,,,,120,"2026-05-04 08:00:00","2026-05-04 10:00:00",,,,,Yes,,"AGS Cherokee Casino Roland (Relocation)",#e69500,#e69500,#fff,,74954,,"Adriann Kamakahukilani",,,"Cherokee Casino Roland,205 Cherokee Boulevard,Roland,OK,74954",1,,,,"Zone 4",,,1,,1156,35.407402,-94.522934
7822,,,,10,7822,"Lindsay Rogers",,Confirmed,SORT209152,,Removal,AGS,"Hollywood Casino & Resort Gulf Coast","Bay Saint Louis",MS,"Orion Curve Premium 360","Orion Curve Premium 360","
No Comments

-------

Serial #: EF1129221006
Customer Sign Part #: C39-00048
Sign Manufacture: AGS-EYEFI
Customer Product #: C39-00048
          ",08:00:00,,"2026-04-06 12:26:15",125,,,,,,"Orion Curve Premium 360",Yes,2026-05-04,"CNC Signs",1,1,,,,,,120,"2026-05-04 08:00:00","2026-05-04 10:00:00",,,,,Yes,,"AGS Hollywood Casino & Resort Gulf Coast (Removal)",#e69500,#e69500,#fff,,39520,,"Adriann Kamakahukilani",,,"Hollywood Casino & Resort Gulf Coast,711 Hollywood Boulevard,Bay Saint Louis,MS,39520",1,,,,"Zone 2",2,,1,,1165,30.33458,-89.35485
7820,,,,11,7820,"Erica Franklin",,"Cancelled - NB",SORT209011,,Removal,AGS,"Robinson Rancheria Resort & Casino, 1545 CA-20, Nice, CA 95464",Nice,CA,"Pirate Plunder & Golden Blessings","4pod w/ 360sign","
Robinson Rancheria Resort & Casino, 1545 CA-20, Nice, CA 95464
Sign Controller Serial # TSCD21025416, unable to locate serial for 360sign

Field Service: Nathan DeLeon +1 530 789 8092, Tracy Noble 530-201-8679 , Nicole Phares (NO PHONE #) nphares@playags.com

Supervisor: Richard Serna  +1 916 205 6471  / Jonathan Serna  +1 916 906 2698 

-------

Serial #: TSCD21025416
Customer Sign Part #: C39-00048 KIT 360 SIGN COMMON COMPONENTS OU49C MERCHANDISING
Sign Manufacture: Eyefi
Customer Product #: 
          ",08:00:00,"Serial #: TSCD21025416
Customer Sign Part #: C39-00048 KIT 360 SIGN COMMON COMPONENTS OU49C MERCHANDISING","2026-04-02 06:45:02",125,,,,,,"4-Pod Curve Premium",Yes,2026-05-05,"No techs assigned",,,,,,,,120,"2026-05-05 08:00:00","2026-05-05 10:00:00",,,"No sign to removed it was never installed. ",,Yes,,"AGS Robinson Rancheria Resort & Casino, 1545 CA-20, Nice, CA 95464 (Removal)",#DA70D6,#DA70D6,#fff,,95464,,"Adriann Kamakahukilani",,,"Robinson Rancheria Resort & Casino, 1545 CA-20, Nice, CA 95464,California 20,Nice,CA,95464",1,,,,"Zone 9",,,1,,1164,39.118121,-122.832616
7750,,,,14,7750,"Ron Sreenan",,Confirmed,TBD,,Install,Sonny,"Music City Center",Nashville,TN,,,,06:00,,"2026-02-09 08:18:03",125,,,,,,"Carwash Arch",Yes,2026-05-08,"Adrian Walker",0,1,,,,,,120,"2026-05-08 06:00","2026-05-08 08:00:00",,,,,Yes,,"Sonny Music City Center (Install)",#e69500,#e69500,#fff,,37203,,"Adriann Kamakahukilani",,,"Music City Center,201 Rep. John Lewis Way S,Nashville,TN,37203",1,,,,"Zone 2",,,1,,,,
7751,,,,15,7751,"Ron Sreenan",,Confirmed,TBD,,Install,Sonny,"Music City Center",Nashville,TN,,,,06:00,,"2026-02-09 08:25:44",125,,,,,,"Carwash Arch",Yes,2026-05-09,"Adrian Walker",0,1,,,,,,120,"2026-05-09 06:00","2026-05-09 08:00:00",,,,,Yes,,"Sonny Music City Center (Install)",#e69500,#e69500,#fff,,37203,,"Adriann Kamakahukilani",,,"Music City Center,201 Rep. John Lewis Way S,Nashville,TN,37203",1,,,,"Zone 2",,,1,,,,
7817,,,,18,7817,"Brittney Kemerley",,Confirmed,SORT208973,,Removal,AGS,"Mohegan Sun Casino",Uncasville,CT,NA,360,"
No Comments

-------

Serial #: 
Customer Sign Part #: C39-00048
Sign Manufacture: EYEFI
Customer Product #: C39-00048
          ",08:00:00,,"2026-03-31 10:49:45",125,,,,,,CURVE,Yes,2026-05-12,"Ernesto Perez, Stanley Pacheco",0,2,,,,,,120,"2026-05-12 08:00:00","2026-05-12 10:00:00",,,,,Yes,,"AGS Mohegan Sun Casino (Removal)",#e69500,#e69500,#fff,,06382,,"Adriann Kamakahukilani",,,"Mohegan Sun Casino,1 Mohegan Sun Boulevard,Uncasville,CT,06382",1,,,,"Zone 1",,,1,,1155,41.491257,-72.087545
7824,,,,18,7824,"Hadji Cometa",,Confirmed,1536962,,Install,IGT,"Don Laughlins Riverside Resort RV Park",Laughlin,NV,WOF,3x1,"
Removal works with install -
SVO 8133952
SIGN-LED PANEL, SF, 87 LONG, EYEFI

-------

Serial #: 
Customer Sign Part #: VWL-03505-310
Sign Manufacture: FI
Customer Product #: 
          ",06:00:00,"Removal works with install -
SVO 8133952
SIGN-LED PANEL, SF, 87 LONG, EYEFI","2026-04-06 15:18:33",125,,,,,,"WOF Trio",Yes,2026-05-12,"Juvenal Torres, Proto tech 1 ., Proto tech 2 .",0,3,,,,,,120,"2026-05-12 06:00:00","2026-05-12 08:00:00",,,,,No,,"IGT Don Laughlins Riverside Resort RV Park (Install)",#e69500,#e69500,#fff,,89029,,"Adriann Kamakahukilani",,,"Don Laughlins Riverside Resort RV Park,1650 South Casino Drive,Laughlin,NV,89029",1,,,,Local-2,,,1,,1159,35.1661,-114.5752
7825,,,,18,7825,"Hadji Cometa",,Confirmed,8133952,,Removal,IGT,"Don Laughlins Riverside Resort RV Park",Laughlin,NV,,,"
Removal works with install -
SVO 8133952
SIGN-LED PANEL, SF, 87 LONG, EYEFI

-------

Serial #: 
Customer Sign Part #: VWL-03505-310
Sign Manufacture: FI
Customer Product #: 
          ",06:00:00,"Removal works with install -
SVO 8133952
SIGN-LED PANEL, SF, 87 LONG, EYEFI","2026-04-06 15:21:19",125,,,,,,"SF 87 Long",Yes,2026-05-12,"Juvenal Torres, Proto tech 1 ., Proto tech 2 .",0,3,,,,,,120,"2026-05-12 06:00:00","2026-05-12 08:00:00",,,,,No,,"IGT Don Laughlins Riverside Resort RV Park (Removal)",#e69500,#e69500,#fff,,89029,,"Adriann Kamakahukilani",,,"Don Laughlins Riverside Resort RV Park,1650 South Casino Drive,Laughlin,NV,89029",1,,,,Local-2,,,1,,1159,35.1661,-114.5752
7847,,,,18,7847,"Hadji Cometa",,Confirmed,1536392,,Install,IGT,"Downtown Grand Hotel","Las Vegas",NV,WOF,3x1,"
No Comments

-------

Serial #: 
Customer Sign Part #: VWL-03505-310
Sign Manufacture: FI
Customer Product #: 
          ",05:00:00,"Customer Sign Part #: VWL-03505-310","2026-04-24 15:02:30",125,,,,,,"WOF Trio",Yes,2026-05-12,"Dylan Chun, Proto tech 1 .",0,2,,,,,,120,"2026-05-12 05:00:00","2026-05-12 07:00:00",,,,,,,"IGT Downtown Grand Hotel (Install)",#e69500,#e69500,#fff,,89101,,"Adriann Kamakahukilani",,,"Downtown Grand Hotel,206 North 3rd Street,Las Vegas,NV,89101",1,,,,Local-1,,,1,,1184,36.171677,-115.141579
7752,,,,19,7752,"Ron Sreenan",,Confirmed,TBD,,Install,Sonny,"Music City Center",Nashville,TN,,,,13:00,,"2026-02-09 08:26:37",125,,,,,,"Carwash Arch",Yes,2026-05-13,"Adrian Walker",0,1,,,,,,120,"2026-05-13 13:00","2026-05-13 15:00:00",,,,,Yes,,"Sonny Music City Center (Install)",#e69500,#e69500,#fff,,37203,,"Adriann Kamakahukilani",,,"Music City Center,201 Rep. John Lewis Way S,Nashville,TN,37203",1,,,,"Zone 2",,,1,,,,
7838,,,,19,7838,"Amy Myrick",,"Cancelled - NB",TBD,,Install,ATI,"Hollywood Aurora Casino",Aurora,IL,Various,Various,"
The dates requested are 5/13/25 - 5/15/26. We will look to have 3 of your technicians (with equipment) to be onsite @ 8:00 am, per day, for assistance during this project.

-------

Serial #: 
Customer Sign Part #: Variou
Sign Manufacture: Various
Customer Product #: 
          ",08:00:00,,"2026-04-23 14:58:19",125,,,,,,Various,Yes,2026-05-13,"No techs assigned",,,,,,,,120,"2026-05-13 08:00:00","2026-05-13 10:00:00",,,"Customer booked with someone else",,,,"ATI Hollywood Aurora Casino (Install)",#DA70D6,#DA70D6,#fff,,60502,,"Adriann Kamakahukilani",,,"Hollywood Aurora Casino,2500 North Farnsworth Avenue,Aurora,IL,60502",1,,,,"Zone 3",,,1,,1181,41.805926,-88.282982
7753,,,,20,7753,"Ron Sreenan",,Confirmed,TBD,,Install,Sonny,"Music City Center",Nashville,TN,,,,06:00,,"2026-02-09 08:27:03",125,,,,,,"Carwash Arch",Yes,2026-05-14,"Adrian Walker",0,1,,,,,,120,"2026-05-14 06:00","2026-05-14 08:00:00",,,,,Yes,,"Sonny Music City Center (Install)",#e69500,#e69500,#fff,,37203,,"Adriann Kamakahukilani",,,"Music City Center,201 Rep. John Lewis Way S,Nashville,TN,37203",1,,,,"Zone 2",,,1,,,,
7839,,,,20,7839,"Amy Myrick",,"Cancelled - NB",TBD,,Install,ATI,"Hollywood Aurora Casino",Aurora,IL,Various,Various,"
The dates requested are 5/13/25 - 5/15/26. We will look to have 3 of your technicians (with equipment) to be onsite @ 8:00 am, per day, for assistance during this project.

-------

Serial #: 
Customer Sign Part #: Variou
Sign Manufacture: Various
Customer Product #: 
          ",08:00:00,,"2026-04-23 14:59:05",125,,,,,,Various,Yes,2026-05-14,"No techs assigned",,,,,,,,120,"2026-05-14 08:00:00","2026-05-14 10:00:00",,,"Customer booked with someone else",,,,"ATI Hollywood Aurora Casino (Install)",#DA70D6,#DA70D6,#fff,,60502,,"Adriann Kamakahukilani",,,"Hollywood Aurora Casino,2500 North Farnsworth Avenue,Aurora,IL,60502",1,,,,"Zone 3",,,1,,1181,41.805926,-88.282982
7840,,,,21,7840,"Amy Myrick",,"Cancelled - NB",TBD,,Install,ATI,"Hollywood Aurora Casino",Aurora,IL,Various,Various,"
The dates requested are 5/13/25 - 5/15/26. We will look to have 3 of your technicians (with equipment) to be onsite @ 8:00 am, per day, for assistance during this project.

-------

Serial #: 
Customer Sign Part #: Variou
Sign Manufacture: Various
Customer Product #: 
          ",08:00:00,,"2026-04-23 14:59:20",125,,,,,,Various,Yes,2026-05-15,"No techs assigned",,,,,,,,120,"2026-05-15 08:00:00","2026-05-15 10:00:00",,,"Customer booked with someone else",,,,"ATI Hollywood Aurora Casino (Install)",#DA70D6,#DA70D6,#fff,,60502,,"Adriann Kamakahukilani",,,"Hollywood Aurora Casino,2500 North Farnsworth Avenue,Aurora,IL,60502",1,,,,"Zone 3",,,1,,1181,41.805926,-88.282982
7830,,,,25,7830,"Brittney Kemerley",,Confirmed,SORT209170,,Removal,AGS,"Graton Resort & Casino","Rohnert Park",CA,NA,360,"
No Comments

-------

Serial #: 
Customer Sign Part #: C39-00048
Sign Manufacture: EYEFI
Customer Product #: C39-00048
          ",04:00:00,,"2026-04-10 07:30:59",125,,,,,,CURVE,Yes,2026-05-19,"Dylan Chun, Stanley Pacheco",0,2,,,,,,120,"2026-05-19 04:00:00","2026-05-19 06:00:00",,,,,Yes,,"AGS Graton Resort & Casino (Removal)",#e69500,#e69500,#fff,,94928,,"Adriann Kamakahukilani",,,"Graton Resort & Casino,288 Golf Course Drive West,Rohnert Park,CA,94928",1,,,,"Zone 9",,,1,,1171,38.362332,-122.724673
7837,,,,32,7837,"Brittney Kemerley",,Confirmed,SO292667,,Install,AGS,"Foxwoods Resort Casino",Mashantucket,CT,na,Squircle,"
No Comments

-------

Serial #: 
Customer Sign Part #: C39-00411
Sign Manufacture: EyeFi
Customer Product #: C39-00411
          ",08:00:00,"Customer Sign Part #: C39-00411
Sign Manufacture: EyeFi
Customer Product #: C39-00411","2026-04-23 14:45:29",125,,,,,,"Spectra Prem",Yes,2026-05-26,"Adrian Walker, Dylan Chun",0,2,,,,,,120,"2026-05-26 08:00:00","2026-05-26 10:00:00",,,,,Yes,,"AGS Foxwoods Resort Casino (Install)",#e69500,#e69500,#fff,,06338,,"Adriann Kamakahukilani",,,"Foxwoods Resort Casino,350 Trolley Line Boulevard,Mashantucket,CT,06338",1,,,,"Zone 1",,,1,,1180,41.4741,-71.9609
